Date,Close,Open,High,Low,Volume,,Vol.
01/06/2018,"14,328.90","14,203.20","14,429.40","14,102.60", 25.470000 ,,25.47M
01/08/2018,"13,232.80","13,162.50","13,426.40","13,127.30", 18.780000 ,,18.78M
01/10/2018,"14,922.10","14,886.90","15,115.70","14,799.00", 18.660000 ,,18.66M
01/11/2018,"13,936.70","14,042.30","14,059.90","13,866.30", 6.140000 ,,6.14M
02/04/2018,"14,831.70","15,208.70","15,233.90","14,831.70", 23.360000 ,,23.36M
02/05/2018,"13,675.30","13,675.30","13,926.70","13,398.80", 16.090000 ,,16.09M
02/07/2018,"13,514.40","13,373.60","13,549.60","13,021.70", 17.040000 ,,17.04M
02/08/2018,"13,109.70","13,197.60","13,197.60","12,845.70", 16.630000 ,,16.63M
02/10/2018,"14,535.00","14,693.40","14,799.00","14,482.20", 29.030000 ,,29.03M
02/11/2018,"14,077.50","14,077.50","14,130.30","14,007.10", 9.840000 ,,9.84M
03/04/2018,"14,706.00","14,831.70","14,957.30","14,454.60", 24.340000 ,,24.34M
03/05/2018,"13,650.10","13,650.10","13,700.40","13,423.90", 20.410000 ,,20.41M
03/07/2018,"12,775.30","13,514.40","13,655.20","12,775.30", 15.940000 ,,15.94M
03/08/2018,"12,775.30","13,197.60","13,215.20","12,775.30", 16.290000 ,,16.29M
03/10/2018,"14,535.00","14,429.40","14,640.60","14,429.40", 13.670000 ,,13.67M
03/12/2018,"12,247.40","11,965.90","12,317.80","11,965.90", 10.320000 ,,10.32M
03/29/2018,"15,284.10","15,083.00","15,384.70","15,032.80", 14.120000 ,,14.12M
03/30/2018,"15,183.60","15,384.70","15,409.80","15,108.20", 9.880000 ,,9.88M
04/04/2018,"14,831.70","14,831.70","14,907.10","14,706.00", 11.150000 ,,11.15M
04/05/2018,"13,574.70","13,775.80","13,901.50","13,549.60", 9.960000 ,,9.96M
04/06/2018,"15,083.00","14,555.10","15,083.00","14,404.30", 21.640000 ,,21.64M
04/07/2018,"13,056.90","12,951.30","13,180.10","12,740.10", 10.320000 ,,10.32M
04/09/2018,"13,725.60","13,971.90","14,042.30","13,725.60", 12.250000 ,,12.25M
04/10/2018,"14,570.20","14,499.80","14,570.20","14,394.20", 32.600000 ,,32.60M
04/12/2018,"12,177.00","12,317.80","12,388.20","12,053.90", 11.800000 ,,11.80M
04/13/2018,"15,384.70","15,585.80","15,610.90","15,309.30", 12.550000 ,,12.55M
04/16/2018,"15,108.20","15,208.70","15,334.40","15,108.20", 8.350000 ,,8.35M
04/17/2018,"15,007.60","15,183.60","15,183.60","14,831.70", 12.910000 ,,12.91M
04/18/2018,"14,831.70","15,057.90","15,133.30","14,831.70", 10.570000 ,,10.57M
04/19/2018,"14,328.90","14,731.10","14,856.80","14,328.90", 19.620000 ,,19.62M
04/20/2018,"14,781.40","14,328.90","14,781.40","14,127.80", 12.640000 ,,12.64M
04/23/2018,"13,976.90","14,806.50","14,806.50","13,951.80", 10.820000 ,,10.82M
04/24/2018,"14,077.50","13,951.80","14,303.70","13,826.10", 14.600000 ,,14.60M
04/26/2018,"13,449.00","14,077.50","14,278.60","13,348.50", 17.830000 ,,17.83M
04/27/2018,"13,524.50","13,449.00","13,574.70","13,021.70", 19.680000 ,,19.68M
05/04/2018,"14,781.40","14,907.10","14,932.20","14,731.10", 8.010000 ,,8.01M
05/06/2018,"14,831.70","15,083.00","15,133.30","14,706.00", 23.470000 ,,23.47M
05/07/2018,"12,704.90","13,056.90","13,197.60","12,599.40", 11.630000 ,,11.63M
05/09/2018,"13,584.80","13,655.20","13,813.50","13,549.60", 12.680000 ,,12.68M
05/10/2018,"14,587.80","14,570.20","14,746.20","14,499.80", 16.560000 ,,16.56M
05/11/2018,"14,077.50","13,936.70","14,077.50","13,901.50", 6.120000 ,,6.12M
05/12/2018,"12,423.40","12,089.00","12,493.80","12,053.90", 22.150000 ,,22.15M
05/14/2018,"14,027.20","14,102.60","14,152.90","13,826.10", 10.730000 ,,10.73M
05/15/2018,"13,926.70","14,052.40","14,127.80","13,876.40", 9.520000 ,,9.52M
05/16/2018,"13,574.70","13,851.30","14,127.80","13,549.60", 12.050000 ,,12.05M
05/17/2018,"13,323.30","13,574.70","13,625.00","13,273.10", 15.780000 ,,15.78M
05/18/2018,"13,549.60","13,373.60","13,549.60","13,197.70", 14.350000 ,,14.35M
05/21/2018,"13,373.60","13,700.40","13,725.60","13,373.60", 9.070000 ,,9.07M
05/22/2018,"12,694.90","13,298.20","13,323.30","12,694.90", 24.150000 ,,24.15M
05/23/2018,"12,996.50","12,644.60","13,072.00","12,644.60", 12.620000 ,,12.62M
05/24/2018,"13,172.50","13,072.00","13,172.50","12,971.40", 13.990000 ,,13.99M
05/25/2018,"13,097.10","13,172.50","13,398.80","13,021.70", 20.500000 ,,20.50M
05/28/2018,"12,242.40","12,720.00","13,072.00","12,242.40", 20.340000 ,,20.34M
05/29/2018,"13,072.00","12,242.40","13,097.10","12,242.40", 19.100000 ,,19.10M
05/30/2018,"13,273.10","13,097.10","13,423.90","12,795.40", 24.160000 ,,24.16M
05/31/2018,"14,102.60","13,298.20","14,102.60","13,273.10", 35.390000 ,,35.39M
06/04/2018,"15,183.60","14,756.20","15,183.60","14,706.00", 18.780000 ,,18.78M
06/06/2018,"15,284.10","14,881.90","15,334.40","14,706.00", 23.240000 ,,23.24M
06/07/2018,"12,951.30","12,687.30","13,303.20","12,388.20", 14.450000 ,,14.45M
06/08/2018,"12,722.50","12,792.90","12,792.90","12,529.00", 12.720000 ,,12.72M
06/09/2018,"13,602.40","13,584.80","13,795.90","13,549.60", 12.280000 ,,12.28M
06/11/2018,"13,936.70","14,112.70","14,130.30","13,936.70", 4.650000 ,,4.65M
06/12/2018,"12,177.00","12,353.00","12,458.60","12,141.80", 12.680000 ,,12.68M
06/13/2018,"15,274.10","14,922.10","15,344.50","14,886.90", 10.040000 ,,10.04M
06/14/2018,"14,992.50","15,414.90","15,643.60","14,974.90", 18.000000 ,,18.00M
06/15/2018,"15,133.30","14,957.30","15,133.30","14,711.00", 13.200000 ,,13.20M
06/18/2018,"14,147.90","15,027.70","15,027.70","14,147.90", 20.230000 ,,20.23M
06/19/2018,"13,496.80","13,655.20","13,901.50","13,197.60", 36.040000 ,,36.04M
06/20/2018,"14,077.50","13,725.60","14,077.50","13,303.20", 15.790000 ,,15.79M
06/21/2018,"13,813.50","14,059.90","14,059.90","13,725.60", 10.620000 ,,10.62M
06/22/2018,"14,411.80","13,725.60","14,411.80","13,655.20", 19.650000 ,,19.65M
06/25/2018,"14,605.40","14,781.40","14,834.20","14,447.00", 9.480000 ,,9.48M
06/26/2018,"14,464.60","14,288.70","14,482.20","14,077.50", 7.320000 ,,7.32M
06/27/2018,"13,901.50","14,394.20","14,482.20","13,901.50", 9.240000 ,,9.24M
06/28/2018,"13,672.80","13,655.20","14,007.10","13,584.80", 11.660000 ,,11.66M
06/29/2018,"13,514.40","13,655.20","13,795.90","13,356.00", 14.160000 ,,14.16M
07/05/2018,"14,077.50","13,675.30","14,077.50","13,549.60", 14.460000 ,,14.46M
07/06/2018,"15,560.70","15,334.40","15,686.40","15,284.10", 20.880000 ,,20.88M
07/08/2018,"12,722.50","12,722.50","12,722.50","12,599.40", 13.320000 ,,13.32M
07/09/2018,"13,971.90","13,584.80","14,007.10","13,584.80", 14.800000 ,,14.80M
07/11/2018,"13,778.30","13,936.70","14,007.10","13,778.30", 7.700000 ,,7.70M
07/12/2018,"12,194.60","12,282.60","12,317.80","12,159.40", 9.210000 ,,9.21M
07/13/2018,"12,529.00","12,036.30","12,546.60","11,983.50", 12.950000 ,,12.95M
07/16/2018,"12,493.80","12,704.90","12,757.70","12,441.00", 9.110000 ,,9.11M
07/17/2018,"12,704.90","12,317.80","12,722.50","12,317.80", 9.250000 ,,9.25M
07/18/2018,"13,092.10","12,775.30","13,144.90","12,704.90", 17.330000 ,,17.33M
07/19/2018,"13,092.10","13,180.10","13,285.60","13,056.90", 9.620000 ,,9.62M
07/20/2018,"12,916.10","12,951.30","13,021.70","12,757.70", 13.620000 ,,13.62M
07/23/2018,"13,004.10","13,056.90","13,232.80","12,880.90", 15.320000 ,,15.32M
07/24/2018,"12,458.60","12,986.50","13,004.10","12,353.00", 33.530000 ,,33.53M
07/25/2018,"12,493.80","12,458.60","12,599.40","12,388.20", 15.670000 ,,15.67M
07/26/2018,"12,845.70","12,493.80","12,845.70","12,458.60", 22.500000 ,,22.50M
07/27/2018,"13,127.30","12,933.70","13,144.90","12,792.90", 13.170000 ,,13.17M
07/30/2018,"13,039.30","13,232.80","13,303.20","12,986.50", 16.540000 ,,16.54M
07/31/2018,"13,144.90","12,986.50","13,250.40","12,863.30", 15.800000 ,,15.80M
08/05/2018,"14,328.90","14,052.40","14,555.10","13,876.40", 17.970000 ,,17.97M
08/06/2018,"15,409.80","15,585.80","15,585.80","15,384.70", 13.800000 ,,13.80M
08/08/2018,"12,916.10","12,740.10","12,968.90","12,704.90", 9.400000 ,,9.40M
08/10/2018,"14,499.80","14,499.80","14,587.80","14,447.00", 10.240000 ,,10.24M
08/11/2018,"13,690.40","14,024.70","14,024.70","13,690.40", 7.670000 ,,7.67M
08/13/2018,"13,479.20","12,986.50","13,496.80","12,916.10", 31.210000 ,,31.21M
08/14/2018,"13,549.60","13,549.60","13,690.40","13,461.60", 14.550000 ,,14.55M
08/15/2018,"13,197.60","13,549.60","13,637.60","13,127.30", 12.830000 ,,12.83M
08/16/2018,"13,197.60","13,021.70","13,268.00","13,004.10", 19.150000 ,,19.15M
08/17/2018,"13,268.00","13,338.40","13,444.00","13,180.10", 10.250000 ,,10.25M
08/20/2018,"13,109.70","13,268.00","13,268.00","13,074.50", 9.700000 ,,9.70M
08/21/2018,"13,197.60","13,056.90","13,197.60","13,039.30", 9.370000 ,,9.37M
08/22/2018,"13,373.60","13,232.80","13,514.40","13,180.10", 16.580000 ,,16.58M
08/23/2018,"13,408.80","13,338.40","13,496.80","13,338.40", 10.540000 ,,10.54M
08/24/2018,"13,496.80","13,373.60","13,514.40","13,303.20", 15.540000 ,,15.54M
08/27/2018,"13,708.00","13,584.80","13,831.10","13,549.60", 14.970000 ,,14.97M
08/28/2018,"14,042.30","13,725.60","14,147.90","13,725.60", 30.150000 ,,30.15M
08/29/2018,"13,936.70","14,077.50","14,306.30","13,936.70", 18.830000 ,,18.83M
08/30/2018,"13,954.30","13,936.70","14,007.10","13,778.30", 17.650000 ,,17.65M
08/31/2018,"14,059.90","14,007.10","14,200.70","13,936.70", 16.790000 ,,16.79M
09/04/2018,"15,284.10","15,233.90","15,384.70","15,083.00", 17.170000 ,,17.17M
09/05/2018,"14,328.90","14,278.60","14,454.60","14,102.60", 7.730000 ,,7.73M
09/07/2018,"12,564.20","13,197.60","13,197.60","12,458.60", 10.530000 ,,10.53M
09/08/2018,"12,863.30","12,986.50","13,092.10","12,845.70", 12.560000 ,,12.56M
09/10/2018,"14,429.40","14,605.40","14,605.40","14,429.40", 10.150000 ,,10.15M
09/11/2018,"13,232.80","13,584.80","13,672.80","13,232.80", 15.630000 ,,15.63M
09/13/2018,"13,989.50","13,971.90","14,165.50","13,901.50", 13.010000 ,,13.01M
09/14/2018,"13,901.50","14,007.10","14,095.10","13,901.50", 12.740000 ,,12.74M
09/17/2018,"13,883.90","13,831.10","13,954.30","13,778.30", 6.500000 ,,6.50M
09/18/2018,"13,883.90","13,795.90","13,883.90","13,655.20", 19.940000 ,,19.94M
09/19/2018,"13,954.30","14,007.10","14,042.30","13,936.70", 12.290000 ,,12.29M
09/20/2018,"14,394.20","14,042.30","14,394.20","13,971.90", 27.310000 ,,27.31M
09/21/2018,"14,535.00","14,429.40","14,570.20","14,306.30", 39.080000 ,,39.08M
09/24/2018,"14,535.00","14,675.80","14,675.80","14,464.60", 12.130000 ,,12.13M
09/25/2018,"14,517.40","14,429.40","14,570.20","14,376.60", 12.250000 ,,12.25M
09/26/2018,"14,429.40","14,517.40","14,587.80","14,429.40", 13.730000 ,,13.73M
09/27/2018,"14,623.00","14,499.80","14,640.60","14,464.60", 15.310000 ,,15.31M
09/28/2018,"14,886.90","14,640.60","14,904.50","14,605.40", 26.330000 ,,26.33M
10/04/2018,"15,284.10","15,284.10","15,359.60","15,108.20", 17.830000 ,,17.83M
10/05/2018,"13,876.40","14,253.50","14,303.70","13,826.10", 10.070000 ,,10.07M
10/07/2018,"12,493.80","12,493.80","12,704.90","12,493.80", 8.280000 ,,8.28M
10/08/2018,"13,021.70","12,828.10","13,056.90","12,828.10", 11.520000 ,,11.52M
10/09/2018,"13,795.90","13,954.30","14,007.10","13,795.90", 7.050000 ,,7.05M
10/10/2018,"14,570.20","14,464.60","14,693.40","14,411.80", 18.460000 ,,18.46M
10/12/2018,"11,877.90","12,141.80","12,177.00","11,842.70", 14.780000 ,,14.78M
10/15/2018,"14,200.70","14,323.80","14,323.80","14,147.90", 11.550000 ,,11.55M
10/16/2018,"14,341.40","14,200.70","14,341.40","14,200.70", 7.960000 ,,7.96M
10/17/2018,"14,429.40","14,499.80","14,517.40","14,376.60", 14.030000 ,,14.03M
10/18/2018,"14,429.40","14,429.40","14,482.20","14,323.80", 11.180000 ,,11.18M
10/19/2018,"14,341.40","14,323.80","14,447.00","14,218.30", 13.670000 ,,13.67M
10/22/2018,"14,112.70","14,359.00","14,411.80","14,112.70", 7.020000 ,,7.02M
10/23/2018,"13,901.50","14,059.90","14,059.90","13,690.40", 27.410000 ,,27.41M
10/24/2018,"13,795.90","13,795.90","14,042.30","13,795.90", 14.270000 ,,14.27M
10/25/2018,"13,725.60","13,373.60","13,778.30","13,320.80", 19.830000 ,,19.83M
10/26/2018,"13,690.40","13,831.10","13,936.70","13,690.40", 14.090000 ,,14.09M
10/29/2018,"13,672.80","13,602.40","13,690.40","13,584.80", 12.210000 ,,12.21M
10/30/2018,"13,620.00","13,584.80","13,848.70","13,584.80", 7.350000 ,,7.35M
10/31/2018,"14,165.50","13,760.70","14,165.50","13,743.20", 11.610000 ,,11.61M
11/04/2018,"15,208.70","15,334.40","15,585.80","15,183.60", 27.560000 ,,27.56M
11/05/2018,"14,002.10","13,725.60","14,027.20","13,700.40", 10.460000 ,,10.46M
11/06/2018,"15,233.90","15,334.40","15,510.40","15,208.70", 30.820000 ,,30.82M
11/07/2018,"12,106.60","12,282.60","12,458.60","11,895.50", 19.240000 ,,19.24M
11/09/2018,"14,077.50","13,743.20","14,147.90","13,743.20", 18.940000 ,,18.94M
11/10/2018,"14,042.30","14,112.70","14,288.70","13,831.10", 43.780000 ,,43.78M
11/12/2018,"11,772.30","11,825.10","11,948.30","11,543.50", 19.110000 ,,19.11M
11/13/2018,"12,986.50","13,021.70","13,127.30","12,951.30", 14.790000 ,,14.79M
11/14/2018,"12,599.40","12,968.90","12,968.90","12,405.80", 22.650000 ,,22.65M
11/15/2018,"12,317.80","12,493.80","12,652.10","12,229.80", 18.700000 ,,18.70M
11/16/2018,"12,388.20","12,493.80","12,564.20","12,335.40", 6.360000 ,,6.36M
11/19/2018,"12,476.20","12,493.80","12,599.40","12,370.60", 4.560000 ,,4.56M
11/20/2018,"12,845.70","12,529.00","12,898.50","12,458.60", 15.630000 ,,15.63M
11/21/2018,"12,845.70","12,687.30","12,951.30","12,669.70", 10.420000 ,,10.42M
11/22/2018,"12,599.40","12,880.90","12,933.70","12,599.40", 7.510000 ,,7.51M
11/23/2018,"12,511.40","12,599.40","12,669.70","12,493.80", 5.630000 ,,5.63M
11/26/2018,"12,529.00","12,529.00","12,740.10","12,511.40", 6.780000 ,,6.78M
11/27/2018,"12,529.00","12,599.40","12,740.10","12,529.00", 5.190000 ,,5.19M
11/28/2018,"12,388.20","12,564.20","12,617.00","12,300.20", 11.200000 ,,11.20M
11/29/2018,"12,036.30","12,458.60","12,546.60","12,036.30", 11.110000 ,,11.11M
11/30/2018,"11,684.30","11,965.90","11,965.90","11,684.30", 20.450000 ,,20.45M
12/04/2018,"15,510.40","15,133.30","15,560.70","15,057.90", 17.300000 ,,17.30M
12/06/2018,"14,957.30","15,590.80","15,590.80","14,675.80", 29.000000 ,,29.00M
12/07/2018,"11,877.90","11,719.50","12,018.70","11,684.30", 9.110000 ,,9.11M
12/09/2018,"13,901.50","14,112.70","14,165.50","13,901.50", 15.350000 ,,15.35M
12/10/2018,"14,359.00","13,866.30","14,359.00","13,866.30", 18.060000 ,,18.06M
12/11/2018,"13,215.20","13,232.80","13,285.60","13,074.50", 7.680000 ,,7.68M
12/12/2018,"11,825.10","11,789.90","11,877.90","11,613.90", 9.810000 ,,9.81M
12/13/2018,"11,965.90","11,913.10","12,001.10","11,860.30", 15.000000 ,,15.00M
12/14/2018,"11,789.90","11,948.30","11,948.30","11,754.70", 10.580000 ,,10.58M
12/17/2018,"11,402.80","11,789.90","11,789.90","11,402.80", 12.270000 ,,12.27M
12/18/2018,"10,945.30","11,156.40","11,279.60","10,786.90", 22.340000 ,,22.34M
12/19/2018,"10,452.50","10,945.30","11,050.80","10,206.20", 30.030000 ,,30.03M
12/20/2018,"10,540.50","10,417.30","10,610.90","10,311.80", 16.700000 ,,16.70M
12/21/2018,"10,540.50","10,311.80","10,558.10","10,311.80", 12.210000 ,,12.21M
12/24/2018,"10,734.10","10,540.50","10,734.10","10,540.50", 8.930000 ,,8.93M
12/25/2018,"10,698.90","10,434.90","10,698.90","10,188.60", 13.140000 ,,13.14M
12/26/2018,"10,663.70","10,698.90","10,698.90","10,470.10", 10.480000 ,,10.48M
12/27/2018,"10,892.50","10,857.30","10,945.30","10,663.70", 13.340000 ,,13.34M
12/28/2018,"10,892.50","10,839.70","10,892.50","10,734.10", 20.460000 ,,20.46M
01/02/2019,"9,607.90","9,801.50","9,924.60","9,502.30", 19.440000 ,,19.44M
01/03/2019,"12,053.90","11,825.10","12,053.90","11,825.10", 12.620000 ,,12.62M
01/04/2019,"11,244.40","11,279.60","11,332.40","11,226.80", 10.050000 ,,10.05M
01/07/2019,"10,522.90","10,614.40","10,660.20","10,431.40", 8.080000 ,,8.08M
01/08/2019,"10,339.90","10,294.20","10,408.50","10,179.80", 12.530000 ,,12.53M
01/10/2019,"10,019.70","10,042.50","10,156.90","9,996.80", 8.560000 ,,8.56M
01/11/2019,"10,019.70","10,019.70","10,111.20","9,973.90", 8.550000 ,,8.55M
01/14/2019,"10,311.80","10,347.00","10,364.60","10,153.40", 8.830000 ,,8.83M
01/15/2019,"10,311.80","10,311.80","10,417.30","10,259.00", 7.230000 ,,7.23M
01/16/2019,"10,364.60","10,347.00","10,434.90","10,259.00", 8.160000 ,,8.16M
01/17/2019,"10,171.00","10,364.60","10,364.60","10,171.00", 5.360000 ,,5.36M
01/18/2019,"10,276.60","10,311.80","10,364.60","10,259.00", 5.810000 ,,5.81M
01/21/2019,"10,399.70","10,311.80","10,470.10","10,276.60", 5.250000 ,,5.25M
01/22/2019,"10,382.20","10,452.50","10,505.30","10,364.60", 4.560000 ,,4.56M
01/23/2019,"10,575.70","10,347.00","10,698.90","10,329.40", 10.370000 ,,10.37M
01/24/2019,"10,505.30","10,593.30","10,698.90","10,505.30", 6.540000 ,,6.54M
01/25/2019,"10,452.50","10,558.10","10,593.30","10,399.70", 4.410000 ,,4.41M
01/28/2019,"10,470.10","10,487.70","10,487.70","10,417.30", 4.690000 ,,4.69M
01/29/2019,"10,452.50","10,505.30","10,505.30","10,382.20", 4.970000 ,,4.97M
01/30/2019,"10,206.20","10,417.30","10,417.30","10,153.40", 18.520000 ,,18.52M
01/31/2019,"9,748.70","10,206.20","10,259.00","9,713.50", 19.630000 ,,19.63M
02/01/2019,"10,839.70","10,874.90","11,068.40","10,839.70", 11.490000 ,,11.49M
02/04/2019,"11,297.20","11,332.40","11,350.00","11,244.40", 4.920000 ,,4.92M
02/05/2019,"11,965.90","11,860.30","11,965.90","11,719.50", 10.420000 ,,10.42M
02/07/2019,"10,339.90","10,522.90","10,522.90","10,317.00", 10.060000 ,,10.06M
02/08/2019,"10,271.30","10,156.90","10,317.00","10,111.20", 15.040000 ,,15.04M
02/10/2019,"9,951.00","10,065.40","10,088.30","9,928.10", 9.190000 ,,9.19M
02/12/2019,"10,500.00","10,454.30","10,614.40","10,454.30", 19.160000 ,,19.16M
02/13/2019,"10,874.90","10,382.20","10,945.30","10,382.20", 30.330000 ,,30.33M
02/14/2019,"10,910.10","10,874.90","11,015.60","10,839.70", 17.670000 ,,17.67M
02/15/2019,"11,121.20","10,910.10","11,438.00","10,839.70", 25.530000 ,,25.53M
02/18/2019,"11,314.80","11,297.20","11,455.60","11,244.40", 17.450000 ,,17.45M
02/19/2019,"11,156.40","11,420.40","11,438.00","11,138.80", 16.170000 ,,16.17M
02/20/2019,"11,332.40","11,156.40","11,367.60","11,138.80", 16.090000 ,,16.09M
02/21/2019,"11,508.40","11,367.60","11,508.40","11,226.80", 16.450000 ,,16.45M
02/22/2019,"11,930.70","11,490.80","11,948.30","11,455.60", 22.640000 ,,22.64M
02/25/2019,"12,247.40","12,124.20","12,511.40","12,036.30", 32.260000 ,,32.26M
02/26/2019,"12,141.80","12,247.40","12,458.60","12,053.90", 20.210000 ,,20.21M
02/27/2019,"12,106.60","12,300.20","12,300.20","12,018.70", 13.690000 ,,13.69M
02/28/2019,"11,825.10","12,159.40","12,177.00","11,825.10", 19.040000 ,,19.04M
03/01/2019,"10,382.20","10,822.10","10,874.90","10,382.20", 18.830000 ,,18.83M
03/04/2019,"11,297.20","11,262.00","11,314.80","11,226.80", 10.340000 ,,10.34M
03/05/2019,"12,018.70","11,965.90","12,106.60","11,860.30", 9.570000 ,,9.57M
03/06/2019,"11,086.00","11,279.60","11,297.20","11,050.80", 33.610000 ,,33.61M
03/07/2019,"10,134.00","10,339.90","10,362.80","10,111.20", 13.300000 ,,13.30M
03/09/2019,"9,905.30","10,156.90","10,202.70","9,905.30", 11.320000 ,,11.32M
03/10/2019,"9,859.50","9,928.10","9,928.10","9,813.80", 9.600000 ,,9.60M
03/12/2019,"10,728.80","10,500.00","10,843.20","10,385.70", 19.650000 ,,19.65M
03/13/2019,"12,089.00","11,965.90","12,089.00","11,930.70", 8.760000 ,,8.76M
03/14/2019,"12,036.30","12,089.00","12,194.60","11,930.70", 12.270000 ,,12.27M
03/15/2019,"11,226.80","11,613.90","11,649.10","11,209.20", 46.620000 ,,46.62M
03/18/2019,"11,209.20","11,086.00","11,402.80","10,751.70", 28.960000 ,,28.96M
03/19/2019,"11,226.80","11,191.60","11,244.40","10,945.30", 20.220000 ,,20.22M
03/20/2019,"11,367.60","11,086.00","11,473.20","11,086.00", 15.400000 ,,15.40M
03/21/2019,"11,262.00","11,367.60","11,420.40","11,244.40", 7.500000 ,,7.50M
03/22/2019,"11,244.40","11,297.20","11,332.40","11,209.20", 11.480000 ,,11.48M
03/25/2019,"11,050.80","10,945.30","11,138.80","10,945.30", 10.230000 ,,10.23M
03/26/2019,"11,121.20","11,121.20","11,174.00","11,015.60", 9.630000 ,,9.63M
03/27/2019,"11,385.20","11,226.80","11,385.20","11,138.80", 6.950000 ,,6.95M
03/28/2019,"11,420.40","11,314.80","11,420.40","11,297.20", 6.880000 ,,6.88M
03/29/2019,"11,332.40","11,455.60","11,508.40","11,226.80", 17.890000 ,,17.89M
04/01/2019,"10,452.50","10,347.00","10,558.10","10,100.60", 15.990000 ,,15.99M
04/03/2019,"12,441.00","12,229.80","12,441.00","12,212.20", 13.740000 ,,13.74M
04/04/2019,"11,402.80","11,314.80","11,402.80","11,262.00", 7.570000 ,,7.57M
04/06/2019,"11,117.70","11,255.00","11,346.50","11,003.30", 7.030000 ,,7.03M
04/07/2019,"10,202.70","10,065.40","10,294.20","10,065.40", 10.650000 ,,10.65M
04/09/2019,"9,882.40","9,836.60","9,973.90","9,836.60", 12.320000 ,,12.32M
04/10/2019,"9,768.00","9,882.40","9,928.10","9,745.10", 10.060000 ,,10.06M
04/11/2019,"9,951.00","10,111.20","10,156.90","9,928.10", 12.720000 ,,12.72M
04/12/2019,"10,728.80","10,705.90","10,797.40","10,683.10", 10.350000 ,,10.35M
04/16/2019,"11,174.00","11,226.80","11,262.00","11,103.60", 4.230000 ,,4.23M
04/17/2019,"11,121.20","11,174.00","11,209.20","11,086.00", 5.090000 ,,5.09M
04/18/2019,"11,015.60","11,050.80","11,103.60","11,015.60", 6.540000 ,,6.54M
04/19/2019,"11,121.20","11,033.20","11,156.40","11,033.20", 3.320000 ,,3.32M
04/22/2019,"11,209.20","11,033.20","11,297.20","11,033.20", 4.990000 ,,4.99M
04/23/2019,"11,226.80","11,262.00","11,262.00","11,209.20", 4.620000 ,,4.62M
04/24/2019,"11,737.10","11,262.00","11,737.10","11,226.80", 15.880000 ,,15.88M
04/25/2019,"11,649.10","11,789.90","11,842.70","11,613.90", 11.210000 ,,11.21M
04/26/2019,"11,825.10","11,684.30","11,895.50","11,649.10", 7.720000 ,,7.72M
05/03/2019,"12,335.40","12,353.00","12,529.00","12,300.20", 15.620000 ,,15.62M
05/04/2019,"11,438.00","11,402.80","11,490.80","11,350.00", 5.030000 ,,5.03M
05/06/2019,"10,888.90","11,163.40","11,300.70","10,843.20", 6.290000 ,,6.29M
05/07/2019,"10,202.70","10,202.70","10,271.30","10,134.00", 6.460000 ,,6.46M
05/08/2019,"10,134.00","10,225.50","10,294.20","10,065.40", 12.980000 ,,12.98M
05/09/2019,"9,928.10","9,905.30","10,042.50","9,882.40", 5.220000 ,,5.22M
05/11/2019,"10,019.70","9,973.90","10,134.00","9,951.00", 11.620000 ,,11.62M
05/12/2019,"10,568.70","10,683.10","10,728.80","10,545.80", 10.910000 ,,10.91M
05/13/2019,"11,279.60","11,596.30","11,596.30","11,262.00", 10.430000 ,,10.43M
05/14/2019,"11,402.80","11,156.40","11,402.80","11,156.40", 4.980000 ,,4.98M
05/15/2019,"11,402.80","11,402.80","11,508.40","11,367.60", 6.950000 ,,6.95M
05/16/2019,"11,367.60","11,420.40","11,508.40","11,367.60", 3.770000 ,,3.77M
05/17/2019,"11,350.00","11,367.60","11,402.80","11,332.40", 4.080000 ,,4.08M
05/20/2019,"11,543.50","11,350.00","11,631.50","11,350.00", 6.070000 ,,6.07M
05/21/2019,"11,578.70","11,596.30","11,684.30","11,543.50", 5.880000 ,,5.88M
05/22/2019,"11,613.90","11,613.90","11,754.70","11,578.70", 6.880000 ,,6.88M
05/23/2019,"11,525.90","11,613.90","11,631.50","11,490.80", 6.940000 ,,6.94M
05/24/2019,"11,314.80","11,438.00","11,490.80","11,314.80", 10.040000 ,,10.04M
05/27/2019,"11,332.40","11,297.20","11,385.20","11,297.20", 4.650000 ,,4.65M
05/28/2019,"11,279.60","11,438.00","11,438.00","11,279.60", 7.770000 ,,7.77M
05/29/2019,"11,438.00","11,367.60","11,438.00","11,279.60", 4.550000 ,,4.55M
05/30/2019,"11,262.00","11,438.00","11,438.00","11,244.40", 11.480000 ,,11.48M
05/31/2019,"11,297.20","11,262.00","11,332.40","11,262.00", 9.290000 ,,9.29M
06/03/2019,"12,317.80","12,317.80","12,388.20","12,106.60", 9.240000 ,,9.24M
06/05/2019,"11,772.30","11,754.70","11,895.50","11,684.30", 12.320000 ,,12.32M
06/06/2019,"10,385.70","10,934.70","10,934.70","10,225.50", 14.920000 ,,14.92M
06/08/2019,"9,951.00","9,859.50","10,065.40","9,859.50", 11.900000 ,,11.90M
06/09/2019,"9,790.90","9,973.90","10,019.70","9,790.90", 8.860000 ,,8.86M
06/11/2019,"10,065.40","10,065.40","10,134.00","10,042.50", 9.530000 ,,9.53M
06/12/2019,"10,911.80","10,568.70","10,934.70","10,568.70", 15.010000 ,,15.01M
06/13/2019,"10,522.90","10,705.90","10,705.90","10,477.20", 5.310000 ,,5.31M
06/14/2019,"10,500.00","10,522.90","10,545.80","10,500.00", 4.360000 ,,4.36M
06/17/2019,"10,271.30","10,500.00","10,522.90","10,271.30", 7.670000 ,,7.67M
06/18/2019,"10,545.80","10,271.30","10,568.70","10,271.30", 10.650000 ,,10.65M
06/19/2019,"10,911.80","10,728.80","10,911.80","10,660.20", 17.620000 ,,17.62M
06/20/2019,"10,797.40","11,026.20","11,026.20","10,797.40", 9.200000 ,,9.20M
06/21/2019,"10,843.20","10,934.70","10,934.70","10,797.40", 9.330000 ,,9.33M
06/24/2019,"10,683.10","10,888.90","11,003.30","10,660.20", 6.510000 ,,6.51M
06/25/2019,"10,568.70","10,614.40","10,705.90","10,522.90", 6.920000 ,,6.92M
06/26/2019,"10,477.20","10,545.80","10,637.30","10,477.20", 4.010000 ,,4.01M
06/27/2019,"10,317.00","10,477.20","10,500.00","10,317.00", 7.910000 ,,7.91M
06/28/2019,"10,751.70","10,317.00","10,751.70","10,271.30", 8.260000 ,,8.26M
07/01/2019,"10,329.40","10,663.70","10,681.30","10,259.00", 6.810000 ,,6.81M
07/03/2019,"12,001.10","12,317.80","12,335.40","12,001.10", 12.470000 ,,12.47M
07/05/2019,"11,789.90","11,895.50","11,895.50","11,754.70", 7.720000 ,,7.72M
07/06/2019,"10,500.00","10,522.90","10,660.20","10,454.30", 10.740000 ,,10.74M
07/08/2019,"10,111.20","10,019.70","10,134.00","9,973.90", 7.340000 ,,7.34M
07/10/2019,"9,745.10","9,768.00","9,836.60","9,699.40", 6.990000 ,,6.99M
07/11/2019,"10,385.70","10,134.00","10,408.50","10,111.20", 27.890000 ,,27.89M
07/15/2019,"9,813.80","10,065.40","10,065.40","9,813.80", 8.220000 ,,8.22M
07/16/2019,"9,882.40","9,882.40","9,905.30","9,813.80", 7.320000 ,,7.32M
07/17/2019,"9,768.00","9,905.30","9,905.30","9,745.10", 11.500000 ,,11.50M
07/18/2019,"9,585.00","9,768.00","9,790.90","9,539.30", 17.860000 ,,17.86M
07/19/2019,"9,424.90","9,607.90","9,699.40","9,333.40", 23.550000 ,,23.55M
07/22/2019,"9,493.50","9,424.90","9,699.40","9,287.60", 14.500000 ,,14.50M
07/23/2019,"9,928.10","9,516.40","9,951.00","9,516.40", 18.980000 ,,18.98M
07/24/2019,"9,859.50","9,928.10","9,973.90","9,790.90", 7.790000 ,,7.79M
07/25/2019,"10,248.40","9,836.60","10,248.40","9,836.60", 19.950000 ,,19.95M
07/26/2019,"10,317.00","10,339.90","10,545.80","10,271.30", 20.620000 ,,20.62M
07/29/2019,"10,111.20","10,317.00","10,317.00","9,951.00", 14.650000 ,,14.65M
07/30/2019,"9,836.60","10,111.20","10,156.90","9,836.60", 12.870000 ,,12.87M
07/31/2019,"10,317.00","9,790.90","10,317.00","9,745.10", 13.770000 ,,13.77M
08/01/2019,"10,153.40","10,347.00","10,382.20","10,100.60", 8.630000 ,,8.63M
08/03/2019,"11,948.30","11,789.90","12,071.50","11,754.70", 12.740000 ,,12.74M
08/04/2019,"11,402.80","11,438.00","11,490.80","11,367.60", 3.780000 ,,3.78M
08/05/2019,"11,666.70","11,701.90","11,719.50","11,613.90", 7.700000 ,,7.70M
08/07/2019,"9,951.00","10,156.90","10,202.70","9,928.10", 15.650000 ,,15.65M
08/08/2019,"10,660.20","10,134.00","10,660.20","10,134.00", 23.430000 ,,23.43M
08/10/2019,"10,019.70","9,790.90","10,019.70","9,722.30", 8.380000 ,,8.38M
08/11/2019,"10,385.70","10,385.70","10,431.40","10,294.20", 11.120000 ,,11.12M
08/13/2019,"10,728.80","10,660.20","10,934.70","10,660.20", 13.520000 ,,13.52M
08/14/2019,"10,728.80","10,888.90","10,888.90","10,705.90", 8.150000 ,,8.15M
08/15/2019,"10,637.30","10,522.90","10,637.30","10,431.40", 14.490000 ,,14.49M
08/16/2019,"10,545.80","10,637.30","10,683.10","10,477.20", 18.650000 ,,18.65M
08/19/2019,"10,545.80","10,522.90","10,660.20","10,500.00", 5.350000 ,,5.35M
08/20/2019,"10,477.20","10,545.80","10,660.20","10,408.50", 10.090000 ,,10.09M
08/21/2019,"10,614.40","10,477.20","10,637.30","10,431.40", 10.150000 ,,10.15M
08/22/2019,"10,545.80","10,660.20","10,683.10","10,522.90", 6.980000 ,,6.98M
08/23/2019,"10,705.90","10,637.30","10,728.80","10,568.70", 11.340000 ,,11.34M
08/26/2019,"10,431.40","10,568.70","10,591.60","10,385.70", 11.960000 ,,11.96M
08/27/2019,"10,248.40","10,522.90","10,545.80","10,248.40", 18.940000 ,,18.94M
08/28/2019,"10,179.80","10,248.40","10,294.20","10,111.20", 9.130000 ,,9.13M
08/29/2019,"10,134.00","10,179.80","10,179.80","10,065.40", 10.410000 ,,10.41M
08/30/2019,"10,156.90","10,134.00","10,271.30","10,088.30", 7.010000 ,,7.01M
09/01/2019,"10,382.20","10,206.20","10,487.70","10,206.20", 5.140000 ,,5.14M
09/04/2019,"11,297.20","11,420.40","11,438.00","11,262.00", 7.900000 ,,7.90M
09/05/2019,"11,578.70","11,631.50","11,701.90","11,473.20", 5.780000 ,,5.78M
09/07/2019,"9,768.00","9,973.90","10,042.50","9,768.00", 13.300000 ,,13.30M
09/08/2019,"10,568.70","10,705.90","10,751.70","10,522.90", 7.760000 ,,7.76M
09/09/2019,"9,699.40","9,836.60","9,859.50","9,699.40", 7.480000 ,,7.48M
09/10/2019,"10,019.70","10,019.70","10,019.70","9,928.10", 6.490000 ,,6.49M
09/12/2019,"11,071.90","10,911.80","11,186.30","10,911.80", 16.640000 ,,16.64M
09/13/2019,"10,339.90","10,294.20","10,362.80","10,248.40", 9.820000 ,,9.82M
09/16/2019,"10,362.80","10,271.30","10,362.80","10,179.80", 11.370000 ,,11.37M
09/17/2019,"10,385.70","10,362.80","10,385.70","10,248.40", 7.580000 ,,7.58M
09/18/2019,"10,522.90","10,385.70","10,545.80","10,339.90", 12.950000 ,,12.95M
09/19/2019,"10,500.00","10,522.90","10,545.80","10,385.70", 7.180000 ,,7.18M
09/20/2019,"10,362.80","10,500.00","10,500.00","10,317.00", 10.740000 ,,10.74M
09/23/2019,"10,065.40","10,339.90","10,339.90","10,065.40", 11.280000 ,,11.28M
09/24/2019,"10,134.00","10,042.50","10,134.00","9,996.80", 4.180000 ,,4.18M
09/25/2019,"10,019.70","10,111.20","10,111.20","9,951.00", 8.340000 ,,8.34M
09/26/2019,"10,179.80","10,065.40","10,179.80","9,928.10", 7.020000 ,,7.02M
09/27/2019,"10,134.00","10,179.80","10,271.30","10,134.00", 6.720000 ,,6.72M
09/30/2019,"10,042.50","10,156.90","10,179.80","10,042.50", 7.210000 ,,7.21M
10/01/2019,"10,487.70","10,417.30","10,593.30","10,382.20", 4.880000 ,,4.88M
10/04/2019,"11,244.40","11,262.00","11,279.60","11,138.80", 6.040000 ,,6.04M
10/05/2019,"11,561.10","11,649.10","11,684.30","11,473.20", 5.230000 ,,5.23M
10/06/2019,"10,477.20","10,637.30","10,705.90","10,454.30", 13.830000 ,,13.83M
10/07/2019,"9,768.00","9,790.90","9,951.00","9,745.10", 7.890000 ,,7.89M
10/09/2019,"9,745.10","9,699.40","9,768.00","9,653.60", 7.270000 ,,7.27M
10/10/2019,"9,836.60","10,019.70","10,111.20","9,836.60", 8.290000 ,,8.29M
10/12/2019,"11,163.40","11,071.90","11,232.10","11,026.20", 21.400000 ,,21.40M
10/14/2019,"9,813.80","9,928.10","9,928.10","9,813.80", 6.230000 ,,6.23M
10/15/2019,"9,768.00","9,836.60","9,928.10","9,768.00", 7.610000 ,,7.61M
10/16/2019,"9,745.10","9,790.90","9,836.60","9,745.10", 5.520000 ,,5.52M
10/17/2019,"9,790.90","9,745.10","9,905.30","9,745.10", 10.170000 ,,10.17M
10/18/2019,"9,790.90","9,859.50","9,859.50","9,745.10", 4.820000 ,,4.82M
10/21/2019,"9,699.40","9,790.90","9,813.80","9,699.40", 6.680000 ,,6.68M
10/22/2019,"9,882.40","9,699.40","9,905.30","9,699.40", 8.630000 ,,8.63M
10/23/2019,"9,996.80","9,882.40","10,111.20","9,882.40", 14.520000 ,,14.52M
10/24/2019,"10,065.40","10,019.70","10,111.20","9,996.80", 10.830000 ,,10.83M
10/25/2019,"9,973.90","10,065.40","10,065.40","9,951.00", 5.010000 ,,5.01M
10/28/2019,"10,156.90","9,973.90","10,202.70","9,905.30", 15.330000 ,,15.33M
10/29/2019,"10,156.90","10,156.90","10,271.30","10,111.20", 11.250000 ,,11.25M
10/30/2019,"10,065.40","10,179.80","10,179.80","10,065.40", 6.460000 ,,6.46M
10/31/2019,"9,973.90","10,065.40","10,088.30","9,928.10", 12.150000 ,,12.15M
11/01/2019,"10,329.40","10,487.70","10,522.90","10,329.40", 7.280000 ,,7.28M
11/02/2019,"10,171.00","9,766.30","10,171.00","9,713.50", 7.770000 ,,7.77M
11/03/2019,"11,895.50","12,036.30","12,036.30","11,825.10", 13.300000 ,,13.30M
11/04/2019,"11,244.40","11,262.00","11,279.60","11,209.20", 4.150000 ,,4.15M
11/06/2019,"10,522.90","10,522.90","10,614.40","10,385.70", 9.290000 ,,9.29M
11/07/2019,"9,859.50","9,790.90","9,905.30","9,790.90", 6.540000 ,,6.54M
11/09/2019,"10,088.30","9,745.10","10,088.30","9,722.30", 9.900000 ,,9.90M
11/10/2019,"9,836.60","9,882.40","9,928.10","9,790.90", 8.740000 ,,8.74M
11/11/2019,"10,431.40","10,339.90","10,568.70","10,339.90", 16.850000 ,,16.85M
11/12/2019,"11,163.40","11,117.70","11,163.40","10,934.70", 11.380000 ,,11.38M
11/13/2019,"10,362.80","10,568.70","10,591.60","10,362.80", 13.720000 ,,13.72M
11/14/2019,"10,362.80","10,362.80","10,454.30","10,294.20", 11.640000 ,,11.64M
11/15/2019,"10,362.80","10,362.80","10,431.40","10,317.00", 7.230000 ,,7.23M
11/18/2019,"10,477.20","10,385.70","10,522.90","10,385.70", 8.080000 ,,8.08M
11/19/2019,"10,431.40","10,500.00","10,500.00","10,385.70", 8.780000 ,,8.78M
11/20/2019,"10,248.40","10,431.40","10,431.40","10,179.80", 14.660000 ,,14.66M
11/21/2019,"10,065.40","10,202.70","10,225.50","10,065.40", 15.800000 ,,15.80M
11/22/2019,"10,111.20","10,156.90","10,225.50","10,065.40", 12.140000 ,,12.14M
11/25/2019,"10,179.80","10,134.00","10,225.50","10,065.40", 8.920000 ,,8.92M
11/26/2019,"10,362.80","10,225.50","10,431.40","10,225.50", 11.560000 ,,11.56M
11/27/2019,"10,339.90","10,408.50","10,431.40","10,317.00", 7.420000 ,,7.42M
11/28/2019,"10,339.90","10,339.90","10,385.70","10,271.30", 7.910000 ,,7.91M
11/29/2019,"10,454.30","10,339.90","10,500.00","10,271.30", 13.350000 ,,13.35M
12/02/2019,"10,382.20","10,171.00","10,505.30","10,118.20", 21.770000 ,,21.77M
12/03/2019,"11,913.10","12,001.10","12,018.70","11,860.30", 14.410000 ,,14.41M
12/04/2019,"11,279.60","11,244.40","11,279.60","11,209.20", 4.320000 ,,4.32M
12/06/2019,"10,568.70","10,477.20","10,637.30","10,454.30", 6.600000 ,,6.60M
12/07/2019,"10,019.70","9,928.10","10,065.40","9,905.30", 7.090000 ,,7.09M
12/08/2019,"10,797.40","10,568.70","10,911.80","10,568.70", 17.120000 ,,17.12M
12/09/2019,"10,317.00","10,134.00","10,339.90","10,134.00", 11.720000 ,,11.72M
12/11/2019,"10,522.90","10,408.50","10,568.70","10,317.00", 13.800000 ,,13.80M
12/12/2019,"11,071.90","11,117.70","11,163.40","11,026.20", 8.740000 ,,8.74M
12/13/2019,"10,888.90","11,071.90","11,209.20","10,888.90", 19.960000 ,,19.96M
12/16/2019,"10,866.10","10,888.90","10,934.70","10,774.60", 10.780000 ,,10.78M
12/17/2019,"10,591.60","10,866.10","10,911.80","10,477.20", 20.780000 ,,20.78M
12/18/2019,"10,317.00","10,591.60","10,591.60","10,294.20", 15.980000 ,,15.98M
12/19/2019,"10,431.40","10,317.00","10,568.70","10,317.00", 12.120000 ,,12.12M
12/20/2019,"10,522.90","10,500.00","10,637.30","10,431.40", 11.400000 ,,11.40M
12/23/2019,"10,545.80","10,591.60","10,751.70","10,500.00", 8.440000 ,,8.44M
12/24/2019,"10,614.40","10,545.80","10,660.20","10,500.00", 6.780000 ,,6.78M
12/25/2019,"10,591.60","10,614.40","10,705.90","10,591.60", 5.010000 ,,5.01M
12/26/2019,"10,522.90","10,660.20","10,660.20","10,522.90", 6.330000 ,,6.33M
12/27/2019,"10,774.60","10,522.90","10,774.60","10,454.30", 8.810000 ,,8.81M
12/30/2019,"10,820.30","10,820.30","10,911.80","10,751.70", 6.190000 ,,6.19M
12/31/2019,"10,751.70","10,820.30","10,843.20","10,683.10", 6.060000 ,,6.06M
01/04/2020,"7,892.20","7,640.60","8,006.60","7,617.70", 10.230000 ,,10.23M
01/06/2020,"12,650.40","12,719.00","12,719.00","12,558.90", 16.900000 ,,16.90M
01/07/2020,"12,536.00","12,353.00","12,581.80","12,307.20", 22.840000 ,,22.84M
01/09/2020,"13,826.40","13,687.00","13,910.00","13,631.30", 29.400000 ,,29.40M
01/10/2020,"15,052.90","14,829.90","15,164.40","14,774.20", 30.120000 ,,30.12M
01/12/2020,"19,847.60","19,457.30","19,847.60","19,262.20", 38.260000 ,,38.26M
01/13/2020,"11,094.80","11,071.90","11,163.40","11,026.20", 9.390000 ,,9.39M
01/14/2020,"11,438.00","11,094.80","11,460.80","11,071.90", 20.140000 ,,20.14M
01/15/2020,"11,506.60","11,460.80","11,598.10","11,392.20", 12.390000 ,,12.39M
01/16/2020,"11,575.20","11,438.00","11,598.10","11,415.10", 14.440000 ,,14.44M
01/17/2020,"11,438.00","11,575.20","11,735.30","11,392.20", 13.330000 ,,13.33M
01/20/2020,"11,666.70","11,438.00","11,666.70","11,300.70", 12.030000 ,,12.03M
01/21/2020,"11,826.90","11,781.10","11,895.50","11,689.60", 12.450000 ,,12.45M
01/22/2020,"12,032.70","11,826.90","12,078.50","11,826.90", 18.790000 ,,18.79M
01/30/2020,"11,575.20","11,689.60","11,849.70","11,415.10", 27.440000 ,,27.44M
01/31/2020,"11,026.20","11,438.00","11,575.20","11,026.20", 23.160000 ,,23.16M
02/01/2020,"10,980.40","10,751.70","10,980.40","10,683.10", 8.910000 ,,8.91M
02/03/2020,"10,202.70","10,156.90","10,294.20","10,156.90", 8.330000 ,,8.33M
02/06/2020,"12,375.90","12,719.00","12,719.00","12,330.10", 24.200000 ,,24.20M
02/07/2020,"12,627.50","12,581.80","12,696.10","12,536.00", 27.380000 ,,27.38M
02/10/2020,"14,885.70","15,080.80","15,192.30","14,495.40", 35.470000 ,,35.47M
02/11/2020,"17,060.00","17,032.10","17,115.70","16,920.60", 18.230000 ,,18.23M
02/12/2020,"19,680.30","19,847.60","19,875.40","19,568.80", 25.700000 ,,25.70M
02/13/2020,"10,843.20","10,866.10","10,934.70","10,797.40", 11.080000 ,,11.08M
02/14/2020,"10,843.20","10,797.40","10,866.10","10,683.10", 10.640000 ,,10.64M
02/17/2020,"10,866.10","10,843.20","10,911.80","10,797.40", 5.720000 ,,5.72M
02/18/2020,"10,660.20","10,911.80","10,911.80","10,660.20", 15.700000 ,,15.70M
02/19/2020,"10,637.30","10,660.20","10,728.80","10,568.70", 11.540000 ,,11.54M
02/20/2020,"10,866.10","10,728.80","10,866.10","10,637.30", 11.000000 ,,11.00M
02/21/2020,"10,774.60","10,866.10","10,888.90","10,751.70", 9.510000 ,,9.51M
02/24/2020,"10,385.70","10,408.50","10,591.60","10,385.70", 27.250000 ,,27.25M
02/25/2020,"10,568.70","10,339.90","10,568.70","10,339.90", 11.170000 ,,11.17M
02/26/2020,"10,408.50","10,408.50","10,522.90","10,385.70", 9.480000 ,,9.48M
02/27/2020,"10,500.00","10,385.70","10,545.80","10,385.70", 6.990000 ,,6.99M
02/28/2020,"10,225.50","10,317.00","10,431.40","10,179.80", 13.870000 ,,13.87M
03/01/2020,"11,049.10","11,071.90","11,140.60","11,003.30", 16.490000 ,,16.49M
03/02/2020,"11,232.10","10,660.20","11,346.50","10,385.70", 25.440000 ,,25.44M
03/03/2020,"10,202.70","10,431.40","10,431.40","10,202.70", 9.290000 ,,9.29M
03/04/2020,"8,075.20","7,892.20","8,098.10","7,869.30", 13.700000 ,,13.70M
03/06/2020,"12,330.10","12,375.90","12,444.50","12,170.00", 25.310000 ,,25.31M
03/07/2020,"12,581.80","12,673.30","12,696.10","12,536.00", 17.080000 ,,17.08M
03/08/2020,"12,767.10","12,098.10","12,822.90","12,098.10", 29.650000 ,,29.65M
03/09/2020,"13,937.90","13,937.90","14,049.40","13,882.10", 25.540000 ,,25.54M
03/11/2020,"17,115.70","17,283.00","17,450.30","17,032.10", 30.750000 ,,30.75M
03/12/2020,"20,544.50","19,819.70","20,544.50","19,680.30", 39.510000 ,,39.51M
03/13/2020,"8,715.70","8,258.20","9,013.10","8,212.50", 27.030000 ,,27.03M
03/16/2020,"8,738.60","8,784.40","9,081.70","8,670.00", 19.550000 ,,19.55M
03/17/2020,"8,784.40","8,509.80","8,830.10","8,509.80", 12.750000 ,,12.75M
03/18/2020,"9,013.10","8,875.90","9,196.10","8,853.00", 21.900000 ,,21.90M
03/19/2020,"8,761.50","8,875.90","8,921.60","8,647.10", 16.370000 ,,16.37M
03/20/2020,"8,509.80","8,807.20","8,830.10","8,509.80", 28.220000 ,,28.22M
03/23/2020,"7,915.10","7,960.80","8,235.30","7,915.10", 27.270000 ,,27.27M
03/24/2020,"7,823.60","7,777.80","7,937.90","7,617.70", 29.130000 ,,29.13M
03/25/2020,"8,143.80","8,166.70","8,166.70","7,960.80", 16.340000 ,,16.34M
03/26/2020,"7,754.90","8,029.40","8,052.30","7,732.10", 17.930000 ,,17.93M
03/27/2020,"7,411.80","7,732.10","7,777.80","7,228.80", 28.310000 ,,28.31M
03/30/2020,"7,480.40","7,000.00","7,640.60","6,977.20", 22.890000 ,,22.89M
03/31/2020,"7,709.20","7,480.40","7,937.90","6,977.20", 23.510000 ,,23.51M
04/02/2020,"11,255.00","11,277.80","11,346.50","11,026.20", 17.030000 ,,17.03M
04/03/2020,"10,225.50","10,248.40","10,339.90","10,225.50", 6.200000 ,,6.20M
04/05/2020,"9,607.90","9,836.60","9,859.50","9,607.90", 10.180000 ,,10.18M
04/06/2020,"12,170.00","12,353.00","12,536.00","12,170.00", 28.410000 ,,28.41M
04/08/2020,"12,822.90","12,934.40","12,990.10","12,711.40", 19.460000 ,,19.46M
04/09/2020,"13,910.00","13,742.80","13,993.70","13,742.80", 33.030000 ,,33.03M
04/11/2020,"17,087.90","17,115.70","17,283.00","16,920.60", 32.100000 ,,32.10M
04/12/2020,"20,600.20","20,656.00","20,767.50","20,460.80", 31.180000 ,,31.18M
04/13/2020,"8,853.00","8,601.30","8,921.60","8,555.60", 19.040000 ,,19.04M
04/14/2020,"9,127.50","8,830.10","9,127.50","8,784.40", 18.420000 ,,18.42M
04/15/2020,"9,196.10","9,150.40","9,287.60","9,127.50", 12.550000 ,,12.55M
04/16/2020,"9,264.70","9,127.50","9,333.40","9,036.00", 14.040000 ,,14.04M
04/17/2020,"9,470.60","9,264.70","9,516.40","9,241.90", 18.570000 ,,18.57M
04/20/2020,"9,699.40","9,607.90","9,836.60","9,402.00", 19.840000 ,,19.84M
04/21/2020,"9,241.90","9,493.50","9,722.30","9,219.00", 25.130000 ,,25.13M
04/22/2020,"9,516.40","9,379.10","9,745.10","9,287.60", 23.250000 ,,23.25M
04/23/2020,"9,882.40","9,745.10","10,042.50","9,745.10", 17.580000 ,,17.58M
04/24/2020,"10,111.20","9,928.10","10,156.90","9,745.10", 17.480000 ,,17.48M
04/27/2020,"10,042.50","10,179.80","10,339.90","9,996.80", 13.980000 ,,13.98M
04/28/2020,"9,790.90","10,065.40","10,111.20","9,722.30", 16.190000 ,,16.19M
04/29/2020,"9,836.60","9,790.90","9,928.10","9,607.90", 15.680000 ,,15.68M
05/02/2020,"11,186.30","11,369.30","11,438.00","11,071.90", 14.610000 ,,14.61M
05/03/2020,"10,225.50","10,339.90","10,362.80","10,225.50", 5.460000 ,,5.46M
05/05/2020,"9,790.90","9,790.90","9,905.30","9,745.10", 12.410000 ,,12.41M
05/06/2020,"12,375.90","12,124.20","12,490.30","11,987.00", 28.500000 ,,28.50M
05/08/2020,"13,436.10","12,822.90","13,575.50","12,767.10", 45.480000 ,,45.48M
05/10/2020,"15,248.10","14,969.30","15,275.90","14,969.30", 22.450000 ,,22.45M
05/11/2020,"16,864.90","17,087.90","17,143.60","16,864.90", 20.360000 ,,20.36M
05/13/2020,"11,026.20","10,728.80","11,071.90","10,660.20", 20.230000 ,,20.23M
05/14/2020,"10,957.60","10,888.90","11,026.20","10,843.20", 13.730000 ,,13.73M
05/15/2020,"10,751.70","10,957.60","11,003.30","10,705.90", 16.700000 ,,16.70M
05/18/2020,"11,483.70","11,186.30","11,483.70","10,980.40", 28.410000 ,,28.41M
05/19/2020,"11,964.10","12,078.50","12,284.40","11,918.40", 39.680000 ,,39.68M
05/20/2020,"12,101.40","11,895.50","12,170.00","11,735.30", 24.400000 ,,24.40M
05/21/2020,"12,124.20","12,055.60","12,147.10","11,941.20", 23.620000 ,,23.62M
05/22/2020,"12,467.40","12,055.60","12,558.90","12,009.90", 34.230000 ,,34.23M
05/25/2020,"12,490.30","12,581.80","12,719.00","12,421.60", 23.520000 ,,23.52M
05/26/2020,"12,993.50","12,513.10","12,993.50","12,490.30", 24.230000 ,,24.23M
05/27/2020,"12,444.50","13,085.00","13,085.00","12,444.50", 41.650000 ,,41.65M
05/28/2020,"12,444.50","12,581.80","12,627.50","12,307.20", 30.510000 ,,30.51M
05/29/2020,"12,536.00","12,490.30","12,673.30","12,353.00", 26.490000 ,,26.49M
06/01/2020,"10,980.40","10,980.40","11,094.80","10,911.80", 11.310000 ,,11.31M
06/02/2020,"11,529.50","11,140.60","11,529.50","11,117.70", 19.400000 ,,19.40M
06/03/2020,"10,248.40","10,225.50","10,271.30","10,179.80", 6.390000 ,,6.39M
06/04/2020,"8,624.20","8,304.00","8,624.20","8,189.60", 21.500000 ,,21.50M
06/05/2020,"10,156.90","9,859.50","10,156.90","9,836.60", 16.050000 ,,16.05M
06/07/2020,"12,627.50","12,673.30","12,696.10","12,558.90", 20.560000 ,,20.56M
06/08/2020,"13,408.30","13,436.10","13,603.40","13,268.90", 24.120000 ,,24.12M
06/10/2020,"15,749.80","15,303.80","15,749.80","15,164.40", 41.440000 ,,41.44M
06/11/2020,"16,948.50","16,892.70","17,115.70","16,837.00", 23.540000 ,,23.54M
06/15/2020,"11,621.00","12,032.70","12,124.20","11,598.10", 23.870000 ,,23.87M
06/16/2020,"11,987.00","11,895.50","12,078.50","11,735.30", 19.010000 ,,19.01M
06/17/2020,"12,009.90","11,987.00","12,101.40","11,849.70", 14.880000 ,,14.88M
06/18/2020,"12,261.50","11,872.60","12,284.40","11,826.90", 19.070000 ,,19.07M
06/19/2020,"12,513.10","12,353.00","12,513.10","12,353.00", 22.180000 ,,22.18M
06/22/2020,"12,490.30","12,536.00","12,719.00","12,330.10", 20.490000 ,,20.49M
06/23/2020,"12,353.00","12,490.30","12,673.30","12,238.60", 23.970000 ,,23.97M
06/24/2020,"12,353.00","12,353.00","12,513.10","12,261.50", 13.720000 ,,13.72M
06/25/2020,"12,490.30","12,215.70","12,719.00","12,147.10", 51.410000 ,,51.41M
06/26/2020,"12,444.50","12,536.00","12,627.50","12,353.00", 19.720000 ,,19.72M
06/29/2020,"12,192.90","12,307.20","12,353.00","12,009.90", 26.070000 ,,26.07M
06/30/2020,"12,261.50","12,261.50","12,536.00","12,147.10", 31.220000 ,,31.22M
07/01/2020,"10,843.20","11,026.20","11,071.90","10,797.40", 10.260000 ,,10.26M
07/02/2020,"11,140.60","11,529.50","11,575.20","11,071.90", 17.100000 ,,17.10M
07/04/2020,"8,692.80","8,715.70","8,738.60","8,349.70", 16.120000 ,,16.12M
07/05/2020,"10,797.40","10,202.70","10,797.40","10,202.70", 31.030000 ,,31.03M
07/07/2020,"12,970.60","12,696.10","13,222.30","12,673.30", 59.070000 ,,59.07M
07/08/2020,"13,491.90","13,380.40","13,547.60","13,352.50", 21.350000 ,,21.35M
07/09/2020,"13,659.10","13,937.90","13,993.70","13,659.10", 25.160000 ,,25.16M
07/10/2020,"15,498.90","15,666.20","15,777.70","15,498.90", 25.890000 ,,25.89M
07/12/2020,"21,297.10","20,656.00","21,408.60","20,544.50", 42.820000 ,,42.82M
07/13/2020,"12,650.40","12,604.60","12,741.90","12,467.40", 30.960000 ,,30.96M
07/14/2020,"12,764.80","12,558.90","12,787.60","12,536.00", 12.120000 ,,12.12M
07/15/2020,"12,833.40","12,902.00","12,993.50","12,833.40", 13.820000 ,,13.82M
07/16/2020,"13,085.00","12,902.00","13,222.30","12,787.60", 37.730000 ,,37.73M
07/17/2020,"13,062.20","13,130.80","13,153.70","13,062.20", 14.240000 ,,14.24M
07/20/2020,"12,810.50","13,039.30","13,130.80","12,810.50", 24.440000 ,,24.44M
07/21/2020,"12,856.30","12,856.30","12,924.90","12,719.00", 24.690000 ,,24.69M
07/22/2020,"12,856.30","12,947.80","12,993.50","12,787.60", 15.710000 ,,15.71M
07/23/2020,"12,902.00","12,856.30","12,902.00","12,673.30", 21.430000 ,,21.43M
07/24/2020,"12,284.40","12,810.50","12,833.40","12,032.70", 44.830000 ,,44.83M
07/27/2020,"11,872.60","11,918.40","12,421.60","11,804.00", 38.730000 ,,38.73M
07/28/2020,"12,513.10","12,124.20","12,581.80","11,987.00", 29.740000 ,,29.74M
07/29/2020,"12,126.00","12,432.60","12,711.40","11,791.50", 32.550000 ,,32.55M
07/30/2020,"12,321.10","12,209.60","12,432.60","12,181.70", 19.930000 ,,19.93M
07/31/2020,"12,098.10","11,958.70","12,293.20","11,958.70", 13.440000 ,,13.44M
08/01/2020,"10,728.80","10,751.70","10,820.30","10,591.60", 13.520000 ,,13.52M
08/04/2020,"8,555.60","8,418.30","8,601.30","8,372.60", 10.750000 ,,10.75M
08/05/2020,"10,705.90","10,888.90","11,049.10","10,705.90", 26.290000 ,,26.29M
08/06/2020,"12,673.30","12,581.80","12,856.30","12,490.30", 36.110000 ,,36.11M
08/07/2020,"12,833.40","12,879.10","13,016.40","12,764.80", 19.280000 ,,19.28M
08/09/2020,"13,742.80","13,714.90","13,770.60","13,631.30", 21.520000 ,,21.52M
08/10/2020,"15,666.20","15,610.40","15,666.20","15,443.20", 32.010000 ,,32.01M
08/12/2020,"21,408.60","21,297.10","21,631.60","21,185.60", 35.690000 ,,35.69M
08/13/2020,"13,659.10","13,659.10","13,714.90","13,547.60", 13.270000 ,,13.27M
08/14/2020,"13,436.10","13,659.10","13,714.90","13,324.60", 26.950000 ,,26.95M
08/17/2020,"13,547.60","13,408.30","13,547.60","13,352.50", 14.790000 ,,14.79M
08/18/2020,"13,464.00","13,603.40","13,603.40","13,436.10", 9.000000 ,,9.00M
08/19/2020,"13,519.80","13,491.90","13,603.40","13,436.10", 16.260000 ,,16.26M
08/20/2020,"13,436.10","13,519.80","13,575.50","13,380.40", 17.000000 ,,17.00M
08/21/2020,"13,575.50","13,436.10","13,603.40","13,408.30", 15.670000 ,,15.67M
08/24/2020,"13,826.40","13,659.10","13,910.00","13,603.40", 24.450000 ,,24.45M
08/25/2020,"13,687.00","13,882.10","13,965.80","13,687.00", 18.820000 ,,18.82M
08/26/2020,"13,491.90","13,659.10","13,687.00","13,491.90", 28.650000 ,,28.65M
08/27/2020,"13,547.60","13,491.90","13,575.50","13,436.10", 15.450000 ,,15.45M
08/28/2020,"13,547.60","13,659.10","13,659.10","13,519.80", 20.360000 ,,20.36M
08/31/2020,"13,687.00","13,491.90","13,826.40","13,491.90", 23.400000 ,,23.40M
09/01/2020,"10,980.40","10,797.40","11,049.10","10,797.40", 9.720000 ,,9.72M
09/03/2020,"9,539.30","9,539.30","9,859.50","9,539.30", 34.890000 ,,34.89M
09/04/2020,"8,487.00","8,601.30","8,692.80","8,487.00", 15.030000 ,,15.03M
09/06/2020,"12,398.70","12,787.60","12,810.50","12,330.10", 39.370000 ,,39.37M
09/07/2020,"12,879.10","12,856.30","12,947.80","12,787.60", 15.980000 ,,15.98M
09/09/2020,"13,659.10","13,603.40","13,910.00","13,575.50", 34.450000 ,,34.45M
09/10/2020,"15,889.20","15,722.00","16,000.70","15,610.40", 16.610000 ,,16.61M
09/11/2020,"17,561.80","17,171.50","17,561.80","17,115.70", 32.140000 ,,32.14M
09/12/2020,"21,464.40","21,464.40","21,520.10","21,241.40", 26.790000 ,,26.79M
09/14/2020,"13,714.90","13,659.10","13,798.50","13,659.10", 22.330000 ,,22.33M
09/15/2020,"13,770.60","13,798.50","13,910.00","13,742.80", 15.550000 ,,15.55M
09/16/2020,"13,770.60","13,798.50","13,826.40","13,714.90", 12.090000 ,,12.09M
09/17/2020,"14,160.90","13,798.50","14,216.70","13,770.60", 46.960000 ,,46.96M
09/18/2020,"14,328.20","14,244.50","14,328.20","14,216.70", 21.890000 ,,21.89M
09/21/2020,"14,328.20","14,439.70","14,467.50","14,272.40", 20.410000 ,,20.41M
09/22/2020,"14,244.50","14,216.70","14,328.20","14,160.90", 26.830000 ,,26.83M
09/23/2020,"14,383.90","14,300.30","14,439.70","14,244.50", 22.090000 ,,22.09M
09/24/2020,"14,300.30","14,328.20","14,439.70","14,216.70", 21.820000 ,,21.82M
09/25/2020,"14,356.00","14,383.90","14,383.90","14,216.70", 17.720000 ,,17.72M
09/28/2020,"14,718.40","14,383.90","14,718.40","14,328.20", 30.840000 ,,30.84M
09/29/2020,"14,690.50","14,746.30","14,941.40","14,690.50", 32.390000 ,,32.39M
09/30/2020,"14,718.40","14,690.50","14,802.10","14,551.20", 22.790000 ,,22.79M
10/01/2020,"11,071.90","11,026.20","11,232.10","11,003.30", 21.070000 ,,21.07M
10/02/2020,"11,140.60","10,980.40","11,277.80","10,957.60", 10.100000 ,,10.10M
10/03/2020,"9,905.30","9,379.10","9,951.00","9,379.10", 17.140000 ,,17.14M
10/04/2020,"8,601.30","8,464.10","8,692.80","8,372.60", 11.710000 ,,11.71M
10/06/2020,"12,353.00","12,353.00","12,536.00","12,192.90", 20.790000 ,,20.79M
10/07/2020,"12,696.10","12,810.50","12,924.90","12,627.50", 30.450000 ,,30.45M
10/08/2020,"13,547.60","13,631.30","13,798.50","13,547.60", 24.820000 ,,24.82M
10/09/2020,"13,687.00","13,770.60","13,854.30","13,659.10", 21.250000 ,,21.25M
10/11/2020,"17,450.30","17,896.30","17,952.00","17,450.30", 36.230000 ,,36.23M
10/12/2020,"20,962.60","21,464.40","21,520.10","20,739.60", 53.360000 ,,53.36M
10/13/2020,"15,610.40","15,722.00","15,749.80","15,554.70", 18.720000 ,,18.72M
10/14/2020,"15,805.60","15,582.60","15,805.60","15,498.90", 24.990000 ,,24.99M
10/15/2020,"16,195.80","16,725.50","16,725.50","16,195.80", 53.570000 ,,53.57M
10/16/2020,"16,223.70","16,279.50","16,446.70","16,140.10", 30.390000 ,,30.39M
10/19/2020,"16,112.20","16,251.60","16,307.30","16,084.30", 19.200000 ,,19.20M
10/20/2020,"16,363.10","16,028.60","16,363.10","16,000.70", 23.380000 ,,23.38M
10/21/2020,"16,223.70","16,418.80","16,502.50","16,168.00", 18.730000 ,,18.73M
10/22/2020,"16,502.50","16,168.00","16,502.50","16,112.20", 22.940000 ,,22.94M
10/23/2020,"17,227.20","16,614.00","17,227.20","16,530.40", 51.830000 ,,51.83M
10/26/2020,"17,171.50","17,283.00","17,840.50","17,115.70", 35.730000 ,,35.73M
10/27/2020,"17,506.00","17,060.00","17,673.30","17,032.10", 44.370000 ,,44.37M
10/28/2020,"16,948.50","17,366.60","17,645.40","16,837.00", 45.040000 ,,45.04M
10/29/2020,"17,060.00","16,697.60","17,143.60","16,697.60", 36.470000 ,,36.47M
10/30/2020,"17,032.10","17,171.50","17,227.20","16,669.70", 33.410000 ,,33.41M
11/02/2020,"10,797.40","11,186.30","11,255.00","10,728.80", 26.430000 ,,26.43M
11/03/2020,"9,402.00","9,928.10","9,973.90","9,219.00", 17.960000 ,,17.96M
11/05/2020,"10,957.60","10,843.20","11,026.20","10,660.20", 15.210000 ,,15.21M
11/06/2020,"11,666.70","12,284.40","12,421.60","11,666.70", 48.170000 ,,48.17M
11/08/2020,"13,519.80","13,603.40","13,687.00","13,436.10", 16.980000 ,,16.98M
11/09/2020,"13,631.30","13,687.00","13,742.80","13,631.30", 20.490000 ,,20.49M
11/11/2020,"17,450.30","17,450.30","17,617.50","17,366.60", 25.560000 ,,25.56M
11/12/2020,"21,631.60","21,185.60","21,631.60","21,018.40", 29.210000 ,,29.21M
11/13/2020,"17,812.60","17,561.80","17,812.60","17,533.90", 21.340000 ,,21.34M
11/16/2020,"17,979.90","18,007.80","18,258.70","17,784.80", 44.820000 ,,44.82M
11/17/2020,"18,593.20","18,119.30","18,593.20","18,063.50", 28.480000 ,,28.48M
11/18/2020,"19,290.10","18,732.50","19,290.10","18,593.20", 38.810000 ,,38.81M
11/19/2020,"19,624.60","19,345.80","19,791.80","19,206.40", 46.570000 ,,46.57M
11/20/2020,"19,903.30","19,680.30","19,903.30","19,485.20", 31.840000 ,,31.84M
11/23/2020,"20,906.90","19,903.30","21,102.00","19,791.80", 41.560000 ,,41.56M
11/24/2020,"20,906.90","21,046.20","21,464.40","20,237.80", 85.880000 ,,85.88M
11/25/2020,"19,847.60","20,516.60","20,572.30","19,624.60", 97.750000 ,,97.75M
11/26/2020,"19,568.80","19,568.80","19,736.10","19,122.80", 58.200000 ,,58.20M
11/27/2020,"20,210.00","19,513.10","20,293.60","19,513.10", 28.130000 ,,28.13M
11/30/2020,"19,791.80","20,210.00","20,293.60","19,791.80", 30.640000 ,,30.64M
12/02/2020,"10,888.90","10,751.70","11,049.10","10,728.80", 20.180000 ,,20.18M
12/03/2020,"8,807.20","8,944.50","9,058.90","8,761.50", 27.460000 ,,27.46M
12/05/2020,"10,820.30","10,820.30","10,934.70","10,705.90", 22.170000 ,,22.17M
12/06/2020,"12,124.20","11,209.20","12,124.20","11,209.20", 39.760000 ,,39.76M
12/08/2020,"13,547.60","13,547.60","13,659.10","13,436.10", 15.490000 ,,15.49M
12/10/2020,"15,749.80","15,972.80","16,028.60","15,638.30", 21.510000 ,,21.51M
12/11/2020,"17,533.90","17,450.30","17,561.80","17,422.40", 17.210000 ,,17.21M
12/14/2020,"21,882.50","21,966.10","22,021.90","21,715.30", 25.420000 ,,25.42M
12/15/2020,"21,520.10","21,771.00","21,826.80","21,464.40", 34.370000 ,,34.37M
12/16/2020,"21,631.60","21,631.60","21,938.30","21,464.40", 30.400000 ,,30.40M
12/17/2020,"20,990.50","21,408.60","21,548.00","20,990.50", 53.780000 ,,53.78M
12/18/2020,"21,520.10","21,241.40","21,603.70","21,129.90", 35.020000 ,,35.02M
12/21/2020,"21,492.20","21,743.10","21,771.00","21,380.70", 27.710000 ,,27.71M
12/22/2020,"21,938.30","21,492.20","21,994.00","21,352.90", 45.720000 ,,45.72M
12/23/2020,"22,300.60","21,994.00","22,969.70","21,966.10", 49.310000 ,,49.31M
12/24/2020,"22,272.80","22,635.20","22,746.70","21,520.10", 32.480000 ,,32.48M
12/25/2020,"22,718.80","22,300.60","22,774.50","22,021.90", 39.780000 ,,39.78M
12/28/2020,"23,164.80","23,304.20","23,387.80","22,858.20", 36.900000 ,,36.90M
12/29/2020,"23,192.70","22,997.50","23,332.00","22,886.00", 23.590000 ,,23.59M
12/30/2020,"22,802.40","23,192.70","23,192.70","22,718.80", 38.450000 ,,38.45M
12/31/2020,"23,109.00","22,802.40","23,276.30","22,690.90", 20.830000 ,,20.83M
01/02/2021,"21,380.70","21,743.10","22,217.00","21,297.10", 37.420000 ,,37.42M
01/03/2021,"25,757.20","25,785.10","25,813.00","25,534.20", 38.610000 ,,38.61M
01/04/2021,"27,039.50","26,203.30","27,039.50","26,175.40", 48.580000 ,,48.58M
01/06/2021,"42,003.70","41,322.60","42,609.20","40,868.50", 43.440000 ,,43.44M
01/07/2021,"39,960.30","39,127.80","40,036.00","39,052.10", 51.570000 ,,51.57M
01/09/2021,"37,235.70","37,084.40","37,500.60","37,008.70", 19.590000 ,,19.59M
01/10/2021,"40,414.40","40,036.00","40,641.50","39,884.60", 39.620000 ,,39.62M
01/11/2021,"42,155.10","43,214.70","43,214.70","42,155.10", 58.780000 ,,58.78M
01/12/2021,"37,084.40","37,462.80","37,462.80","37,008.70", 17.970000 ,,17.97M
01/13/2021,"24,921.00","25,199.70","25,339.10","24,753.70", 28.310000 ,,28.31M
01/14/2021,"24,781.60","24,921.00","24,921.00","24,447.10", 30.760000 ,,30.76M
01/15/2021,"24,809.50","24,698.00","25,116.10","24,698.00", 25.950000 ,,25.95M
01/18/2021,"24,865.20","24,809.50","25,004.60","24,670.10", 31.790000 ,,31.79M
01/19/2021,"23,192.70","24,865.20","24,865.20","23,136.90", 45.240000 ,,45.24M
01/20/2021,"23,248.40","23,415.70","23,945.30","22,300.60", 66.540000 ,,66.54M
01/21/2021,"24,642.20","23,889.60","24,642.20","23,304.20", 36.560000 ,,36.56M
01/22/2021,"24,335.60","24,698.00","24,921.00","24,279.80", 25.970000 ,,25.97M
01/25/2021,"24,363.50","24,112.60","25,339.10","24,028.90", 58.080000 ,,58.08M
01/26/2021,"23,582.90","24,307.70","24,307.70","23,192.70", 42.290000 ,,42.29M
01/27/2021,"22,467.90","23,081.20","23,638.70","22,021.90", 49.240000 ,,49.24M
01/28/2021,"20,906.90","20,962.60","21,771.00","20,906.90", 87.640000 ,,87.64M
01/29/2021,"21,826.80","20,628.10","22,272.80","20,628.10", 70.640000 ,,70.64M
02/02/2021,"22,579.40","21,464.40","22,579.40","21,325.00", 50.090000 ,,50.09M
02/03/2021,"26,036.00","26,091.80","26,259.00","25,757.20", 41.540000 ,,41.54M
02/04/2021,"27,346.20","27,206.80","27,485.50","27,095.30", 29.270000 ,,29.27M
02/06/2021,"40,868.50","41,625.30","42,003.70","40,111.70", 52.000000 ,,52.00M
02/07/2021,"39,581.90","40,111.70","40,414.40","39,506.20", 39.080000 ,,39.08M
02/08/2021,"35,759.90","35,646.40","36,251.90","35,495.00", 31.470000 ,,31.47M
02/11/2021,"42,003.70","42,003.70","42,684.90","41,776.70", 33.370000 ,,33.37M
02/12/2021,"36,781.60","37,235.70","37,273.60","36,781.60", 16.680000 ,,16.68M
02/17/2021,"24,224.10","23,666.60","24,224.10","23,582.90", 42.560000 ,,42.56M
02/18/2021,"24,447.10","24,196.20","24,530.70","23,945.30", 37.460000 ,,37.46M
02/19/2021,"24,224.10","24,140.40","24,475.00","24,028.90", 29.850000 ,,29.85M
02/22/2021,"24,196.20","24,224.10","24,753.70","23,973.20", 37.490000 ,,37.49M
02/23/2021,"24,140.40","24,084.70","24,391.30","23,945.30", 31.450000 ,,31.45M
02/24/2021,"24,307.70","24,335.60","24,753.70","24,140.40", 47.880000 ,,47.88M
02/25/2021,"24,614.30","24,530.70","24,753.70","24,335.60", 38.490000 ,,38.49M
02/26/2021,"25,422.70","24,363.50","25,478.50","24,307.70", 71.830000 ,,71.83M
03/02/2021,"23,415.70","22,969.70","23,610.80","22,858.20", 61.140000 ,,61.14M
03/03/2021,"26,091.80","25,952.40","26,231.10","25,924.50", 39.070000 ,,39.07M
03/06/2021,"41,095.50","40,868.50","41,322.60","40,111.70", 48.060000 ,,48.06M
03/08/2021,"35,759.90","35,797.80","36,062.70","35,381.50", 36.790000 ,,36.79M
03/11/2021,"42,079.40","42,533.50","42,609.20","41,852.40", 38.830000 ,,38.83M
03/12/2021,"36,100.50","36,933.00","37,197.90","36,100.50", 28.190000 ,,28.19M
03/15/2021,"25,924.50","25,980.20","26,147.50","25,868.70", 20.890000 ,,20.89M
03/16/2021,"25,701.50","25,980.20","25,980.20","25,534.20", 24.740000 ,,24.74M
03/17/2021,"25,813.00","25,729.40","25,896.60","25,673.60", 21.400000 ,,21.40M
03/18/2021,"25,980.20","26,036.00","26,063.90","25,840.90", 19.600000 ,,19.60M
03/19/2021,"26,286.90","25,980.20","26,454.10","25,980.20", 32.280000 ,,32.28M
03/22/2021,"26,063.90","26,370.50","26,454.10","26,036.00", 19.390000 ,,19.39M
03/23/2021,"25,980.20","26,008.10","26,259.00","25,868.70", 21.920000 ,,21.92M
03/24/2021,"25,339.10","25,673.60","25,840.90","25,144.00", 41.510000 ,,41.51M
03/25/2021,"25,088.20","25,478.50","25,506.40","24,976.70", 34.980000 ,,34.98M
03/26/2021,"25,757.20","25,367.00","25,757.20","25,116.10", 49.330000 ,,49.33M
03/29/2021,"25,813.00","25,924.50","25,980.20","25,729.40", 23.260000 ,,23.26M
03/30/2021,"25,896.60","25,924.50","26,063.90","25,701.50", 23.400000 ,,23.40M
03/31/2021,"26,091.80","25,896.60","26,398.40","25,840.90", 28.650000 ,,28.65M
04/01/2021,"23,582.90","23,415.70","23,973.20","23,220.50", 27.790000 ,,27.79M
04/02/2021,"23,304.20","23,415.70","23,527.20","23,164.80", 39.050000 ,,39.05M
04/03/2021,"25,590.00","26,147.50","26,147.50","25,088.20", 49.070000 ,,49.07M
04/05/2021,"33,339.50","31,945.70","33,674.00","31,778.40", 57.910000 ,,57.91M
04/06/2021,"41,246.90","41,246.90","41,852.40","41,095.50", 41.180000 ,,41.18M
04/08/2021,"35,949.10","35,987.00","36,327.60","35,759.90", 31.630000 ,,31.63M
04/10/2021,"42,003.70","40,792.80","42,306.50","40,792.80", 58.960000 ,,58.96M
04/11/2021,"42,609.20","42,079.40","43,063.30","42,079.40", 19.300000 ,,19.30M
04/13/2021,"27,931.60","28,712.10","28,712.10","27,931.60", 47.310000 ,,47.31M
04/14/2021,"29,548.40","27,931.60","29,715.60","27,820.10", 50.460000 ,,50.46M
04/15/2021,"30,384.60","29,827.10","30,496.10","29,269.60", 56.300000 ,,56.30M
04/16/2021,"30,440.40","30,161.60","31,053.60","29,827.10", 49.900000 ,,49.90M
04/19/2021,"32,224.40","30,774.90","32,224.40","30,496.10", 61.090000 ,,61.09M
04/20/2021,"31,889.90","32,335.90","32,670.40","31,220.90", 66.390000 ,,66.39M
04/22/2021,"30,663.40","31,499.70","32,280.20","30,663.40", 58.000000 ,,58.00M
04/23/2021,"31,443.90","30,942.10","31,443.90","30,551.90", 50.010000 ,,50.01M
04/26/2021,"30,719.10","31,499.70","31,555.40","30,663.40", 44.150000 ,,44.15M
04/27/2021,"31,388.20","30,719.10","31,443.90","30,328.90", 37.370000 ,,37.37M
04/28/2021,"31,220.90","31,388.20","31,499.70","30,942.10", 27.410000 ,,27.41M
04/29/2021,"32,391.70","31,499.70","32,726.20","31,443.90", 48.930000 ,,48.93M
05/01/2021,"23,610.80","23,304.20","23,861.70","23,248.40", 32.700000 ,,32.70M
05/02/2021,"23,694.40","23,387.80","23,805.90","23,248.40", 41.020000 ,,41.02M
05/03/2021,"25,645.70","25,450.60","25,701.50","25,144.00", 37.550000 ,,37.55M
05/04/2021,"27,485.50","27,597.00","27,652.80","27,290.40", 26.990000 ,,26.99M
05/05/2021,"33,060.70","33,451.00","33,618.20","33,060.70", 42.940000 ,,42.94M
05/07/2021,"38,749.40","39,581.90","39,581.90","38,446.70", 48.190000 ,,48.19M
05/08/2021,"36,933.00","35,911.30","37,084.40","35,835.60", 38.620000 ,,38.62M
05/10/2021,"41,852.40","42,003.70","42,306.50","41,701.00", 34.540000 ,,34.54M
05/11/2021,"42,836.20","42,609.20","43,139.00","42,155.10", 25.190000 ,,25.19M
05/13/2021,"34,287.20","34,789.00","35,123.50","34,287.20", 43.270000 ,,43.27M
05/14/2021,"34,231.50","34,566.00","34,844.80","34,008.50", 55.840000 ,,55.84M
05/17/2021,"34,510.20","34,231.50","34,789.00","33,785.50", 59.680000 ,,59.68M
05/18/2021,"35,346.50","34,844.80","35,513.80","34,844.80", 68.700000 ,,68.70M
05/19/2021,"36,851.80","35,681.00","37,186.30","35,402.30", 49.860000 ,,49.86M
05/20/2021,"37,130.60","36,907.60","37,186.30","36,517.30", 37.820000 ,,37.82M
05/21/2021,"36,573.10","36,851.80","37,019.10","36,461.50", 40.280000 ,,40.28M
05/24/2021,"36,461.50","36,573.10","36,851.80","36,238.50", 41.400000 ,,41.40M
05/25/2021,"37,576.60","36,405.80","37,799.60","36,350.00", 39.820000 ,,39.82M
05/26/2021,"37,799.60","37,576.60","37,799.60","37,465.10", 27.180000 ,,27.18M
05/27/2021,"37,242.10","37,743.80","37,799.60","36,907.60", 33.630000 ,,33.63M
05/28/2021,"37,409.30","37,409.30","37,520.80","36,907.60", 52.890000 ,,52.89M
05/31/2021,"39,884.60","39,884.60","39,884.60","39,203.50", 78.400000 ,,78.40M
06/01/2021,"23,861.70","23,694.40","24,140.40","23,582.90", 31.500000 ,,31.50M
06/04/2021,"27,541.30","27,485.50","27,624.90","27,374.00", 24.630000 ,,24.63M
06/05/2021,"33,116.50","33,060.70","33,618.20","32,781.90", 37.930000 ,,37.93M
06/07/2021,"36,327.60","38,673.70","39,506.20","36,327.60", 62.680000 ,,62.68M
06/08/2021,"36,630.30","36,781.60","37,160.10","36,554.60", 26.130000 ,,26.13M
06/09/2021,"38,749.40","37,462.80","38,900.80","37,387.10", 62.530000 ,,62.53M
06/10/2021,"42,457.80","42,230.80","42,609.20","41,928.10", 34.800000 ,,34.80M
06/12/2021,"34,624.70","35,949.10","36,289.70","34,435.50", 45.020000 ,,45.02M
06/14/2021,"40,565.80","40,490.10","41,095.50","39,960.30", 37.160000 ,,37.16M
06/15/2021,"40,263.00","40,111.70","40,565.80","39,884.60", 28.220000 ,,28.22M
06/16/2021,"39,203.50","39,960.30","40,111.70","38,976.40", 37.610000 ,,37.61M
06/17/2021,"38,900.80","38,522.30","39,279.20","38,522.30", 26.280000 ,,26.28M
06/18/2021,"39,430.50","39,279.20","40,338.70","38,900.80", 37.690000 ,,37.69M
06/21/2021,"38,749.40","39,354.90","39,733.30","38,749.40", 29.390000 ,,29.39M
06/22/2021,"39,127.80","38,976.40","39,657.60","38,749.40", 24.000000 ,,24.00M
06/23/2021,"38,900.80","39,052.10","39,279.20","38,673.70", 24.130000 ,,24.13M
06/24/2021,"38,295.30","38,900.80","39,127.80","38,219.60", 25.980000 ,,25.98M
06/25/2021,"38,371.00","38,371.00","38,749.40","37,689.80", 34.050000 ,,34.05M
06/28/2021,"39,657.60","38,825.10","39,733.30","38,446.70", 50.910000 ,,50.91M
06/29/2021,"39,203.50","39,733.30","39,808.90","39,127.80", 25.780000 ,,25.78M
06/30/2021,"38,976.40","39,279.20","39,506.20","38,900.80", 24.570000 ,,24.57M
07/01/2021,"23,861.70","24,056.80","24,084.70","23,555.10", 38.230000 ,,38.23M
07/04/2021,"27,569.20","27,541.30","27,652.80","27,262.50", 25.290000 ,,25.29M
07/05/2021,"33,897.00","33,005.00","34,287.20","32,949.20", 51.870000 ,,51.87M
07/06/2021,"39,884.60","41,322.60","41,625.30","39,354.90", 45.050000 ,,45.05M
07/07/2021,"37,765.50","37,084.40","37,765.50","36,214.00", 52.720000 ,,52.72M
07/09/2021,"38,371.00","39,052.10","39,354.90","38,295.30", 40.620000 ,,40.62M
07/10/2021,"42,079.40","42,684.90","42,911.90","42,003.70", 34.800000 ,,34.80M
07/12/2021,"36,024.80","35,154.50","36,024.80","34,813.90", 28.520000 ,,28.52M
07/13/2021,"34,435.50","34,435.50","34,813.90","33,716.50", 33.150000 ,,33.15M
07/14/2021,"34,057.10","34,738.20","34,813.90","33,565.10", 35.660000 ,,35.66M
07/15/2021,"35,192.30","33,754.40","35,457.20","33,754.40", 37.110000 ,,37.11M
07/16/2021,"35,381.50","35,343.70","35,911.30","35,192.30", 28.930000 ,,28.93M
07/19/2021,"33,527.30","34,549.00","34,738.20","33,300.30", 51.250000 ,,51.25M
07/20/2021,"35,797.80","34,057.10","35,797.80","33,640.80", 53.260000 ,,53.26M
07/21/2021,"35,381.50","35,949.10","36,176.20","35,268.00", 27.740000 ,,27.74M
07/22/2021,"35,722.10","35,343.70","36,100.50","35,041.00", 27.940000 ,,27.94M
07/23/2021,"34,662.50","35,419.40","35,570.70","34,662.50", 37.580000 ,,37.58M
07/26/2021,"34,511.20","34,435.50","34,889.60","33,792.20", 30.530000 ,,30.53M
07/27/2021,"34,965.30","34,813.90","35,419.40","34,586.90", 23.670000 ,,23.67M
07/28/2021,"35,343.70","35,041.00","35,646.40","34,965.30", 27.580000 ,,27.58M
07/29/2021,"35,646.40","35,532.90","36,100.50","35,419.40", 42.620000 ,,42.62M
07/30/2021,"35,797.80","35,646.40","36,024.80","35,646.40", 29.920000 ,,29.92M
08/01/2021,"23,833.80","23,917.40","24,140.40","23,750.20", 35.060000 ,,35.06M
08/02/2021,"22,802.40","23,694.40","23,750.20","22,300.60", 57.770000 ,,57.77M
08/03/2021,"25,813.00","25,980.20","26,147.50","25,645.70", 31.200000 ,,31.20M
08/04/2021,"27,513.40","27,597.00","27,652.80","27,318.30", 21.010000 ,,21.01M
08/06/2021,"37,841.20","39,581.90","40,036.00","37,841.20", 50.030000 ,,50.03M
08/07/2021,"37,084.40","37,765.50","37,916.90","36,781.60", 39.820000 ,,39.82M
08/09/2021,"38,825.10","38,371.00","39,279.20","38,143.90", 42.950000 ,,42.95M
08/10/2021,"42,155.10","42,230.80","42,533.50","41,776.70", 28.200000 ,,28.20M
08/11/2021,"42,987.60","43,063.30","43,139.00","42,533.50", 27.630000 ,,27.63M
08/12/2021,"35,722.10","36,251.90","36,251.90","35,608.60", 14.440000 ,,14.44M
08/13/2021,"36,819.50","36,630.30","36,857.30","36,100.50", 33.550000 ,,33.55M
08/16/2021,"37,425.00","37,084.40","37,462.80","37,046.50", 28.890000 ,,28.89M
08/17/2021,"38,143.90","37,576.30","38,522.30","37,538.50", 59.130000 ,,59.13M
08/18/2021,"38,143.90","38,219.60","38,522.30","37,765.50", 26.210000 ,,26.21M
08/19/2021,"38,522.30","38,295.30","38,825.10","38,143.90", 35.760000 ,,35.76M
08/20/2021,"37,084.40","38,446.70","38,598.00","36,478.90", 64.130000 ,,64.13M
08/23/2021,"35,949.10","37,084.40","37,084.40","35,949.10", 42.670000 ,,42.67M
08/24/2021,"36,138.30","36,024.80","36,516.80","35,949.10", 28.510000 ,,28.51M
08/25/2021,"36,630.30","36,289.70","36,706.00","35,873.50", 21.320000 ,,21.32M
08/26/2021,"36,100.50","36,781.60","36,781.60","35,987.00", 18.020000 ,,18.02M
08/27/2021,"36,024.80","35,949.10","36,214.00","35,381.50", 31.840000 ,,31.84M
08/30/2021,"36,857.30","36,327.60","36,895.20","36,062.70", 22.110000 ,,22.11M
08/31/2021,"37,311.40","37,084.40","37,614.20","36,933.00", 33.630000 ,,33.63M
09/02/2021,"23,304.20","22,802.40","23,359.90","22,551.50", 45.920000 ,,45.92M
09/03/2021,"25,562.10","25,645.70","25,757.20","25,116.10", 28.590000 ,,28.59M
09/04/2021,"27,624.90","27,485.50","27,820.10","27,346.20", 27.420000 ,,27.42M
09/06/2021,"38,068.30","37,765.50","38,900.80","37,084.40", 53.240000 ,,53.24M
09/07/2021,"35,797.80","36,706.00","37,160.10","34,813.90", 60.960000 ,,60.96M
09/08/2021,"37,614.20","36,403.20","37,614.20","36,289.70", 39.550000 ,,39.55M
09/09/2021,"39,279.20","39,052.10","39,657.60","38,976.40", 47.730000 ,,47.73M
09/11/2021,"42,760.60","42,987.60","43,593.10","42,684.90", 32.130000 ,,32.13M
09/12/2021,"35,646.40","35,495.00","35,797.80","35,419.40", 13.420000 ,,13.42M
09/13/2021,"38,446.70","38,976.40","38,976.40","38,371.00", 35.400000 ,,35.40M
09/14/2021,"38,068.30","38,446.70","38,598.00","37,992.60", 29.160000 ,,29.16M
09/15/2021,"39,052.10","37,916.90","39,354.90","37,765.50", 33.680000 ,,33.68M
09/16/2021,"38,825.10","39,354.90","39,581.90","38,825.10", 23.380000 ,,23.38M
09/17/2021,"39,203.50","38,900.80","39,354.90","38,825.10", 31.910000 ,,31.91M
09/20/2021,"38,825.10","39,657.60","39,657.60","38,522.30", 42.030000 ,,42.03M
09/21/2021,"38,446.70","38,295.30","38,749.40","37,992.60", 37.500000 ,,37.50M
09/22/2021,"38,522.30","38,446.70","38,673.70","38,295.30", 17.090000 ,,17.09M
09/23/2021,"38,598.00","38,825.10","39,279.20","38,522.30", 23.110000 ,,23.11M
09/24/2021,"38,446.70","38,598.00","39,127.80","38,371.00", 20.650000 ,,20.65M
09/27/2021,"38,446.70","38,900.80","39,354.90","38,446.70", 37.010000 ,,37.01M
09/28/2021,"39,808.90","38,295.30","39,884.60","38,295.30", 46.290000 ,,46.29M
09/29/2021,"40,338.70","39,884.60","40,565.80","39,808.90", 45.370000 ,,45.37M
09/30/2021,"40,036.00","40,641.50","40,641.50","39,960.30", 30.090000 ,,30.09M
10/03/2021,"25,422.70","25,562.10","25,562.10","25,171.80", 27.680000 ,,27.68M
10/05/2021,"35,123.50","33,897.00","35,290.80","33,897.00", 49.420000 ,,49.42M
10/06/2021,"39,052.10","37,992.60","39,808.90","37,841.20", 38.110000 ,,38.11M
10/08/2021,"37,387.10","37,916.90","38,219.60","37,160.10", 30.310000 ,,30.31M
10/09/2021,"38,976.40","39,354.90","39,506.20","38,900.80", 22.380000 ,,22.38M
10/11/2021,"41,852.40","42,760.60","42,836.20","41,776.70", 56.390000 ,,56.39M
10/12/2021,"35,192.30","35,608.60","35,722.10","35,116.60", 25.260000 ,,25.26M
10/13/2021,"42,987.60","43,139.00","43,441.70","42,760.60", 20.260000 ,,20.26M
10/14/2021,"42,987.60","42,987.60","43,441.70","42,911.90", 25.060000 ,,25.06M
10/15/2021,"43,366.00","43,366.00","43,668.70","43,139.00", 24.080000 ,,24.08M
10/18/2021,"43,820.10","43,593.10","44,198.50","43,517.40", 26.960000 ,,26.96M
10/19/2021,"43,290.30","43,593.10","43,895.80","43,214.70", 30.840000 ,,30.84M
10/20/2021,"43,063.30","43,441.70","43,517.40","42,230.80", 45.060000 ,,45.06M
10/21/2021,"43,290.30","43,290.30","44,047.20","42,836.20", 50.950000 ,,50.95M
10/22/2021,"42,911.90","43,441.70","43,744.40","42,911.90", 25.800000 ,,25.80M
10/25/2021,"41,701.00","42,760.60","42,911.90","41,701.00", 54.090000 ,,54.09M
10/26/2021,"42,609.20","41,474.00","42,609.20","41,019.90", 36.280000 ,,36.28M
10/27/2021,"43,820.10","42,609.20","43,820.10","42,609.20", 37.620000 ,,37.62M
10/28/2021,"43,895.80","43,820.10","44,047.20","43,366.00", 28.500000 ,,28.50M
10/29/2021,"43,214.70","43,895.80","43,971.50","43,214.70", 31.040000 ,,31.04M
11/01/2021,"24,001.10","24,028.90","24,140.40","23,750.20", 29.210000 ,,29.21M
11/03/2021,"25,868.70","25,590.00","26,008.10","25,534.20", 27.320000 ,,27.32M
11/05/2021,"34,566.00","35,290.80","35,290.80","34,566.00", 51.890000 ,,51.89M
11/06/2021,"40,187.40","39,430.50","40,263.00","39,052.10", 37.740000 ,,37.74M
11/08/2021,"37,046.50","37,689.80","37,689.80","37,046.50", 28.460000 ,,28.46M
11/10/2021,"43,290.30","42,457.80","43,366.00","42,155.10", 33.210000 ,,33.21M
11/11/2021,"40,868.50","41,625.30","41,852.40","40,565.80", 70.580000 ,,70.58M
11/15/2021,"40,565.80","41,246.90","41,322.60","40,338.70", 39.840000 ,,39.84M
11/16/2021,"39,354.90","40,338.70","40,565.80","39,354.90", 51.710000 ,,51.71M
11/17/2021,"38,900.80","39,354.90","39,808.90","38,900.80", 39.000000 ,,39.00M
11/18/2021,"37,803.40","38,900.80","38,900.80","37,538.50", 76.190000 ,,76.19M
11/19/2021,"36,327.60","37,538.50","37,614.20","36,251.90", 63.010000 ,,63.01M
11/22/2021,"36,819.50","36,478.90","37,235.70","36,327.60", 29.420000 ,,29.42M
11/23/2021,"37,500.60","37,008.70","37,689.80","36,781.60", 20.340000 ,,20.34M
11/24/2021,"36,819.50","37,462.80","37,614.20","36,706.00", 35.260000 ,,35.26M
11/25/2021,"37,273.60","36,857.30","37,349.30","36,857.30", 28.290000 ,,28.29M
11/26/2021,"37,122.20","37,311.40","37,803.40","37,084.40", 34.750000 ,,34.75M
11/29/2021,"36,630.30","36,478.90","37,008.70","36,478.90", 28.340000 ,,28.34M
11/30/2021,"37,046.50","37,046.50","37,803.40","36,706.00", 28.830000 ,,28.83M
12/01/2021,"25,032.50","24,084.70","25,032.50","23,917.40", 39.910000 ,,39.91M
12/03/2021,"25,896.60","25,980.20","25,980.20","25,757.20", 21.330000 ,,21.33M
12/04/2021,"28,544.80","27,820.10","28,712.10","27,736.40", 47.400000 ,,47.40M
12/05/2021,"34,956.30","34,343.00","34,956.30","34,175.70", 51.450000 ,,51.45M
12/07/2021,"34,019.20","35,343.70","35,495.00","33,300.30", 98.150000 ,,98.15M
12/08/2021,"36,630.30","37,008.70","37,084.40","36,630.30", 28.010000 ,,28.01M
12/10/2021,"43,139.00","43,366.00","43,593.10","42,987.60", 23.540000 ,,23.54M
12/11/2021,"41,322.60","40,792.80","41,474.00","40,717.10", 27.100000 ,,27.10M
12/13/2021,"35,230.20","35,230.20","35,684.30","35,041.00", 18.600000 ,,18.60M
12/14/2021,"36,100.50","35,230.20","37,160.10","34,965.30", 46.380000 ,,46.38M
12/15/2021,"36,176.20","36,327.60","36,781.60","36,100.50", 11.760000 ,,11.76M
12/16/2021,"35,949.10","36,403.20","36,403.20","35,797.80", 14.340000 ,,14.34M
12/17/2021,"35,343.70","35,835.60","35,987.00","35,268.00", 28.620000 ,,28.62M
12/20/2021,"35,495.00","35,343.70","35,835.60","35,192.30", 12.980000 ,,12.98M
12/21/2021,"34,889.60","35,495.00","35,532.90","34,889.60", 22.220000 ,,22.22M
12/22/2021,"34,132.80","35,041.00","35,192.30","34,132.80", 32.070000 ,,32.07M
12/23/2021,"34,019.20","34,132.80","34,132.80","33,375.90", 34.680000 ,,34.68M
12/24/2021,"34,851.70","34,284.10","35,305.80","34,246.30", 24.920000 ,,24.92M
12/27/2021,"34,738.20","35,230.20","35,268.00","34,473.30", 13.880000 ,,13.88M
12/28/2021,"34,662.50","34,738.20","35,343.70","34,511.20", 16.060000 ,,16.06M
12/29/2021,"34,662.50","34,662.50","35,041.00","34,435.50", 19.650000 ,,19.65M
12/30/2021,"34,586.90","35,041.00","35,041.00","34,586.90", 13.370000 ,,13.37M
12/31/2021,"35,116.60","34,813.90","35,305.80","34,700.40", 17.920000 ,,17.92M
01/03/2022,"35,495.00","36,100.50","36,403.20","35,457.20", 30.390000 ,,30.39M
01/04/2022,"34,586.90","34,057.10","34,813.90","33,678.70", 25.610000 ,,25.61M
01/06/2022,"25,996.90","26,110.40","26,337.50","25,580.70", 28.140000 ,,28.14M
01/07/2022,"22,400.00","22,300.00","22,600.00","21,550.00", 15.200000 ,,15.20M
01/08/2022,"22,800.00","21,700.00","22,850.00","21,600.00", 38.140000 ,,38.14M
01/11/2022,"15,000.00","15,750.00","16,000.00","14,800.00", 81.550000 ,,81.55M
01/12/2022,"18,200.00","18,750.00","19,650.00","18,000.00", 66.590000 ,,66.59M
01/13/2022,"35,343.70","35,041.00","35,797.80","34,965.30", 32.490000 ,,32.49M
01/14/2022,"35,003.10","35,192.30","35,457.20","34,965.30", 10.270000 ,,10.27M
01/17/2022,"33,830.00","35,003.10","35,192.30","33,830.00", 28.160000 ,,28.16M
01/18/2022,"33,300.30","33,678.70","34,246.30","32,543.40", 27.870000 ,,27.87M
01/19/2022,"32,921.80","33,603.00","33,716.50","32,884.00", 23.020000 ,,23.02M
01/20/2022,"33,300.30","33,148.90","33,451.60","32,770.50", 19.070000 ,,19.07M
01/21/2022,"32,770.50","33,300.30","33,640.80","32,619.10", 21.160000 ,,21.16M
01/24/2022,"30,802.70","32,619.10","32,694.80","30,802.70", 38.250000 ,,38.25M
01/25/2022,"32,732.60","30,651.40","32,770.50","30,424.30", 23.250000 ,,23.25M
01/26/2022,"32,884.00","32,921.80","33,640.80","32,884.00", 19.770000 ,,19.77M
01/27/2022,"31,900.10","32,694.80","32,921.80","31,786.60", 19.110000 ,,19.11M
01/28/2022,"31,938.00","31,975.80","32,392.10","31,559.60", 19.420000 ,,19.42M
02/03/2022,"35,495.00","35,570.70","35,835.60","35,268.00", 25.860000 ,,25.86M
02/06/2022,"25,088.70","25,732.00","25,959.10","25,013.00", 32.990000 ,,32.99M
02/08/2022,"22,900.00","22,900.00","23,150.00","22,700.00", 27.730000 ,,27.73M
02/11/2022,"15,350.00","15,000.00","15,700.00","15,000.00", 40.120000 ,,40.12M
02/12/2022,"19,450.00","18,000.00","19,450.00","17,800.00", 45.680000 ,,45.68M
02/14/2022,"34,965.30","35,192.30","35,949.10","34,927.40", 23.720000 ,,23.72M
02/15/2022,"34,813.90","34,965.30","35,230.20","34,359.80", 20.230000 ,,20.23M
02/16/2022,"34,813.90","34,889.60","35,192.30","34,511.20", 12.160000 ,,12.16M
02/17/2022,"35,192.30","34,813.90","35,381.50","34,813.90", 14.760000 ,,14.76M
02/18/2022,"35,608.60","34,965.30","36,062.70","34,851.70", 27.790000 ,,27.79M
02/21/2022,"35,305.80","35,646.40","35,949.10","35,230.20", 15.830000 ,,15.83M
02/22/2022,"35,116.60","35,041.00","35,268.00","34,586.90", 22.970000 ,,22.97M
02/23/2022,"35,343.70","35,305.80","35,722.10","35,003.10", 16.880000 ,,16.88M
02/24/2022,"34,813.90","35,381.50","35,457.20","34,132.80", 29.180000 ,,29.18M
02/25/2022,"34,738.20","34,889.60","35,078.80","34,738.20", 16.610000 ,,16.61M
02/28/2022,"35,722.10","34,851.70","36,176.20","34,851.70", 45.760000 ,,45.76M
03/03/2022,"37,916.90","36,024.80","37,916.90","35,797.80", 99.110000 ,,99.11M
03/06/2022,"25,277.90","25,202.20","25,732.00","25,164.40", 19.120000 ,,19.12M
03/08/2022,"23,750.00","22,700.00","23,850.00","22,600.00", 58.850000 ,,58.85M
03/10/2022,"19,750.00","21,200.00","21,200.00","19,750.00", 33.570000 ,,33.57M
03/11/2022,"15,200.00","15,250.00","15,450.00","15,100.00", 20.630000 ,,20.63M
03/14/2022,"34,662.50","35,797.80","36,478.90","34,662.50", 44.000000 ,,44.00M
03/15/2022,"34,927.40","34,776.10","35,343.70","34,397.70", 27.120000 ,,27.12M
03/16/2022,"34,965.30","35,495.00","35,684.30","34,965.30", 14.840000 ,,14.84M
03/17/2022,"34,776.10","35,268.00","35,343.70","34,738.20", 19.450000 ,,19.45M
03/18/2022,"35,192.30","34,965.30","35,457.20","34,851.70", 23.050000 ,,23.05M
03/21/2022,"35,457.20","35,343.70","35,722.10","35,116.60", 25.110000 ,,25.11M
03/22/2022,"35,495.00","35,495.00","35,532.90","35,041.00", 29.860000 ,,29.86M
03/23/2022,"35,419.40","35,722.10","35,911.30","35,419.40", 22.480000 ,,22.48M
03/24/2022,"35,116.60","35,570.70","35,570.70","35,078.80", 19.410000 ,,19.41M
03/25/2022,"35,116.60","35,230.20","35,532.90","34,965.30", 17.480000 ,,17.48M
03/28/2022,"34,738.20","34,889.60","35,457.20","34,662.50", 25.360000 ,,25.36M
03/29/2022,"34,700.40","34,965.30","35,003.10","34,662.50", 16.880000 ,,16.88M
03/30/2022,"34,435.50","34,662.50","35,116.60","34,359.80", 20.440000 ,,20.44M
03/31/2022,"34,132.80","34,549.00","34,776.10","33,905.70", 24.560000 ,,24.56M
04/01/2022,"35,381.50","35,419.40","35,722.10","35,268.00", 26.130000 ,,26.13M
04/03/2022,"37,689.80","38,598.00","38,825.10","37,689.80", 43.390000 ,,43.39M
04/04/2022,"34,700.40","34,813.90","35,041.00","34,624.70", 15.800000 ,,15.80M
04/05/2022,"31,786.60","32,770.50","32,770.50","31,786.60", 19.370000 ,,19.37M
04/07/2022,"22,000.00","22,650.00","22,650.00","22,000.00", 12.440000 ,,12.44M
04/08/2022,"23,650.00","23,900.00","23,950.00","23,500.00", 30.030000 ,,30.03M
04/10/2022,"18,850.00","20,100.00","20,250.00","18,650.00", 30.510000 ,,30.51M
04/11/2022,"14,650.00","15,000.00","15,150.00","14,500.00", 43.890000 ,,43.89M
04/13/2022,"34,208.40","34,284.10","34,397.70","33,830.00", 16.530000 ,,16.53M
04/14/2022,"33,981.40","34,284.10","34,473.30","33,981.40", 15.650000 ,,15.65M
04/15/2022,"33,451.60","33,981.40","34,057.10","33,413.80", 23.890000 ,,23.89M
04/18/2022,"32,278.50","33,338.10","33,716.50","32,278.50", 30.140000 ,,30.14M
04/19/2022,"32,770.50","32,543.40","33,224.60","32,467.80", 24.770000 ,,24.77M
04/20/2022,"32,694.80","32,921.80","33,300.30","32,619.10", 17.210000 ,,17.21M
04/21/2022,"32,808.30","32,543.40","33,375.90","31,862.30", 23.160000 ,,23.16M
04/22/2022,"33,148.90","33,300.30","33,338.10","32,051.50", 16.510000 ,,16.51M
04/25/2022,"30,840.60","33,148.90","33,148.90","30,840.60", 37.770000 ,,37.77M
04/26/2022,"31,181.20","30,386.50","31,332.50","29,970.20", 30.260000 ,,30.26M
04/27/2022,"32,165.00","31,181.20","32,467.80","31,105.50", 24.410000 ,,24.41M
04/28/2022,"32,619.10","32,165.00","32,884.00","32,165.00", 17.700000 ,,17.70M
04/29/2022,"32,770.50","32,467.80","32,846.20","32,429.90", 16.050000 ,,16.05M
05/01/2022,"35,419.40","35,495.00","35,835.60","35,419.40", 24.390000 ,,24.39M
05/04/2022,"34,889.60","34,813.90","35,116.60","34,776.10", 15.760000 ,,15.76M
05/05/2022,"31,824.50","32,240.70","32,240.70","31,408.20", 17.960000 ,,17.96M
05/07/2022,"21,900.00","22,100.00","22,350.00","21,750.00", 15.090000 ,,15.09M
05/08/2022,"23,300.00","23,400.00","23,650.00","23,150.00", 42.520000 ,,42.52M
05/09/2022,"23,900.00","23,050.00","24,100.00","23,050.00", 26.280000 ,,26.28M
05/10/2022,"19,200.00","19,200.00","19,350.00","18,850.00", 25.320000 ,,25.32M
05/12/2022,"20,000.00","19,800.00","20,400.00","19,500.00", 46.510000 ,,46.51M
05/13/2022,"27,170.00","28,872.80","29,175.60","27,056.50", 55.900000 ,,55.90M
05/16/2022,"27,472.70","28,040.30","28,380.90","27,472.70", 38.210000 ,,38.21M
05/17/2022,"28,910.70","27,397.00","28,910.70","27,245.70", 30.440000 ,,30.44M
05/18/2022,"28,910.70","29,062.00","29,289.10","28,645.80", 20.900000 ,,20.90M
05/19/2022,"28,683.60","28,229.50","28,835.00","27,889.00", 20.850000 ,,20.85M
05/20/2022,"28,494.40","28,532.30","28,607.90","28,191.70", 18.110000 ,,18.11M
05/23/2022,"27,813.30","28,721.50","28,910.70","27,472.70", 13.230000 ,,13.23M
05/24/2022,"26,413.20","27,813.30","28,002.50","25,883.40", 54.860000 ,,54.86M
05/25/2022,"26,072.60","26,110.40","26,451.00","25,013.00", 51.240000 ,,51.24M
05/26/2022,"26,488.80","26,488.80","26,942.90","26,148.30", 21.090000 ,,21.09M
05/27/2022,"26,829.40","26,488.80","27,170.00","26,337.50", 22.870000 ,,22.87M
05/30/2022,"26,829.40","26,867.30","27,132.10","26,715.90", 19.570000 ,,19.57M
05/31/2022,"26,261.80","26,753.70","26,753.70","26,110.40", 24.490000 ,,24.49M
06/01/2022,"34,889.60","35,192.30","35,343.70","34,889.60", 22.320000 ,,22.32M
06/04/2022,"35,759.90","34,813.90","36,289.70","34,813.90", 38.620000 ,,38.62M
06/05/2022,"31,635.20","31,332.50","32,543.40","31,332.50", 19.510000 ,,19.51M
06/06/2022,"25,202.20","25,845.50","25,921.20","25,050.90", 23.100000 ,,23.10M
06/07/2022,"21,450.00","21,700.00","22,250.00","21,300.00", 18.230000 ,,18.23M
06/09/2022,"23,550.00","24,000.00","24,200.00","23,550.00", 15.330000 ,,15.33M
06/10/2022,"18,000.00","19,300.00","19,300.00","18,000.00", 37.460000 ,,37.46M
06/12/2022,"18,600.00","19,900.00","19,950.00","18,600.00", 62.780000 ,,62.78M
06/13/2022,"24,067.00","24,975.20","25,353.60","23,991.30", 27.610000 ,,27.61M
06/14/2022,"22,931.80","23,840.00","23,877.80","22,856.10", 36.970000 ,,36.97M
06/15/2022,"22,250.60","22,780.40","23,385.90","21,834.40", 37.310000 ,,37.31M
06/16/2022,"23,461.50","22,818.20","23,726.40","22,629.00", 43.400000 ,,43.40M
06/17/2022,"23,200.00","23,450.00","23,500.00","21,950.00", 30.240000 ,,30.24M
06/20/2022,"21,600.00","22,750.00","23,000.00","21,600.00", 37.270000 ,,37.27M
06/21/2022,"20,800.00","21,350.00","21,500.00","20,500.00", 39.940000 ,,39.94M
06/22/2022,"21,500.00","20,850.00","22,000.00","20,850.00", 21.440000 ,,21.44M
06/23/2022,"21,800.00","21,500.00","21,850.00","21,500.00", 6.930000 ,,6.93M
06/24/2022,"21,800.00","21,850.00","22,500.00","21,700.00", 12.830000 ,,12.83M
06/27/2022,"22,900.00","22,000.00","22,900.00","21,350.00", 20.740000 ,,20.74M
06/28/2022,"22,500.00","22,850.00","22,850.00","22,250.00", 17.840000 ,,17.84M
06/29/2022,"22,750.00","22,300.00","23,150.00","22,100.00", 20.190000 ,,20.19M
06/30/2022,"22,300.00","22,900.00","23,400.00","22,300.00", 19.950000 ,,19.95M
07/01/2022,"34,662.50","34,889.60","34,965.30","34,549.00", 21.240000 ,,21.24M
07/02/2022,"32,581.30","32,392.10","33,073.20","31,635.20", 21.590000 ,,21.59M
07/03/2022,"38,673.70","37,992.60","39,733.30","37,841.20", 49.990000 ,,49.99M
07/04/2022,"35,230.20","35,949.10","36,024.80","35,230.20", 18.870000 ,,18.87M
07/06/2022,"25,126.60","25,202.20","25,391.40","24,710.30", 25.190000 ,,25.19M
07/07/2022,"21,750.00","21,450.00","21,750.00","21,400.00", 10.830000 ,,10.83M
07/09/2022,"23,000.00","23,550.00","23,800.00","23,000.00", 25.030000 ,,25.03M
07/10/2022,"17,600.00","17,650.00","17,800.00","17,050.00", 36.470000 ,,36.47M
07/11/2022,"13,700.00","14,550.00","14,800.00","13,700.00", 38.260000 ,,38.26M
07/12/2022,"18,250.00","18,000.00","19,150.00","17,700.00", 34.620000 ,,34.62M
07/13/2022,"22,300.00","22,200.00","22,800.00","22,150.00", 17.860000 ,,17.86M
07/14/2022,"22,200.00","22,200.00","22,400.00","22,100.00", 12.520000 ,,12.52M
07/15/2022,"23,200.00","22,350.00","23,500.00","22,350.00", 47.700000 ,,47.70M
07/18/2022,"22,600.00","23,200.00","23,300.00","22,500.00", 19.930000 ,,19.93M
07/19/2022,"22,150.00","22,500.00","22,600.00","22,100.00", 16.280000 ,,16.28M
07/20/2022,"22,350.00","22,350.00","22,750.00","22,300.00", 16.890000 ,,16.89M
07/21/2022,"22,700.00","22,350.00","23,000.00","22,300.00", 23.040000 ,,23.04M
07/22/2022,"22,200.00","22,700.00","22,800.00","22,200.00", 16.640000 ,,16.64M
07/25/2022,"21,900.00","22,200.00","22,300.00","21,800.00", 20.720000 ,,20.72M
07/26/2022,"21,650.00","21,800.00","22,000.00","21,600.00", 26.380000 ,,26.38M
07/27/2022,"21,250.00","21,450.00","21,500.00","21,050.00", 28.600000 ,,28.60M
07/28/2022,"21,400.00","21,500.00","21,700.00","21,250.00", 23.510000 ,,23.51M
07/29/2022,"21,500.00","21,600.00","21,950.00","21,500.00", 20.590000 ,,20.59M
08/02/2022,"34,473.30","32,543.40","34,473.30","32,543.40", 34.490000 ,,34.49M
08/03/2022,"37,425.00","38,295.30","38,749.40","37,425.00", 52.660000 ,,52.66M
08/04/2022,"35,116.60","35,381.50","35,608.60","35,078.80", 17.860000 ,,17.86M
08/06/2022,"24,899.50","25,202.20","25,315.80","24,786.00", 32.290000 ,,32.29M
08/07/2022,"22,450.00","22,000.00","22,550.00","22,000.00", 19.500000 ,,19.50M
08/08/2022,"23,600.00","23,400.00","23,900.00","23,300.00", 30.370000 ,,30.37M
08/09/2022,"23,100.00","23,200.00","23,450.00","22,900.00", 20.370000 ,,20.37M
08/11/2022,"13,150.00","13,100.00","13,700.00","13,000.00", 46.270000 ,,46.27M
08/12/2022,"18,900.00","18,900.00","19,350.00","18,500.00", 29.940000 ,,29.94M
08/15/2022,"24,000.00","24,100.00","24,200.00","23,800.00", 31.510000 ,,31.51M
08/16/2022,"24,550.00","24,000.00","24,700.00","24,000.00", 65.490000 ,,65.49M
08/17/2022,"24,300.00","24,600.00","24,650.00","24,150.00", 27.440000 ,,27.44M
08/18/2022,"24,150.00","24,100.00","24,350.00","24,050.00", 23.220000 ,,23.22M
08/19/2022,"23,750.00","24,100.00","24,250.00","23,650.00", 31.460000 ,,31.46M
08/22/2022,"23,350.00","23,650.00","23,750.00","23,150.00", 23.800000 ,,23.80M
08/23/2022,"23,650.00","23,100.00","23,650.00","23,100.00", 16.690000 ,,16.69M
08/24/2022,"23,500.00","23,650.00","23,750.00","23,500.00", 12.130000 ,,12.13M
08/25/2022,"23,850.00","23,750.00","24,050.00","23,600.00", 18.260000 ,,18.26M
08/26/2022,"23,500.00","24,000.00","24,000.00","23,500.00", 16.470000 ,,16.47M
08/29/2022,"23,000.00","23,050.00","23,250.00","22,650.00", 32.470000 ,,32.47M
08/30/2022,"23,050.00","23,100.00","23,300.00","22,950.00", 15.310000 ,,15.31M
08/31/2022,"23,000.00","23,000.00","23,150.00","22,750.00", 14.980000 ,,14.98M
09/02/2022,"35,797.80","34,662.50","36,554.60","34,586.90", 52.390000 ,,52.39M
09/03/2022,"37,727.70","37,841.20","38,068.30","36,970.90", 45.210000 ,,45.21M
09/05/2022,"30,235.10","31,408.20","31,710.90","30,235.10", 34.170000 ,,34.17M
09/06/2022,"25,580.70","24,899.50","26,148.30","24,786.00", 35.070000 ,,35.07M
09/08/2022,"24,100.00","23,900.00","24,300.00","23,650.00", 48.220000 ,,48.22M
09/09/2022,"23,800.00","23,350.00","23,800.00","23,100.00", 26.050000 ,,26.05M
09/11/2022,"13,000.00","13,200.00","13,600.00","12,950.00", 32.790000 ,,32.79M
09/12/2022,"19,200.00","18,900.00","19,450.00","18,500.00", 34.550000 ,,34.55M
09/13/2022,"23,700.00","23,750.00","24,000.00","23,500.00", 14.680000 ,,14.68M
09/14/2022,"23,700.00","23,250.00","23,800.00","23,250.00", 27.030000 ,,27.03M
09/15/2022,"23,600.00","23,900.00","23,900.00","23,450.00", 13.730000 ,,13.73M
09/16/2022,"23,000.00","23,400.00","23,600.00","23,000.00", 27.510000 ,,27.51M
09/19/2022,"22,650.00","23,100.00","23,250.00","22,450.00", 27.480000 ,,27.48M
09/20/2022,"23,000.00","22,800.00","23,000.00","22,600.00", 11.510000 ,,11.51M
09/21/2022,"22,900.00","22,900.00","22,950.00","22,700.00", 9.920000 ,,9.92M
09/22/2022,"23,000.00","22,700.00","23,100.00","22,650.00", 11.590000 ,,11.59M
09/23/2022,"22,700.00","23,050.00","23,200.00","22,700.00", 14.590000 ,,14.59M
09/26/2022,"22,400.00","22,450.00","22,600.00","21,850.00", 25.880000 ,,25.88M
09/27/2022,"22,400.00","22,450.00","22,500.00","22,100.00", 9.010000 ,,9.01M
09/28/2022,"21,800.00","22,200.00","22,450.00","21,600.00", 14.070000 ,,14.07M
09/29/2022,"21,650.00","22,150.00","22,300.00","21,650.00", 10.330000 ,,10.33M
09/30/2022,"21,200.00","21,500.00","21,650.00","20,700.00", 23.370000 ,,23.37M
10/01/2022,"34,549.00","34,700.40","35,305.80","34,435.50", 22.720000 ,,22.72M
10/02/2022,"35,570.70","35,873.50","36,251.90","35,343.70", 30.680000 ,,30.68M
10/03/2022,"37,197.90","37,841.20","37,916.90","37,160.10", 34.880000 ,,34.88M
10/05/2022,"31,105.50","29,894.60","31,105.50","29,289.10", 25.270000 ,,25.27M
10/06/2022,"25,429.30","25,580.70","25,921.20","25,429.30", 19.740000 ,,19.74M
10/08/2022,"23,800.00","24,000.00","24,400.00","23,800.00", 30.120000 ,,30.12M
10/10/2022,"18,350.00","17,300.00","18,600.00","17,200.00", 25.060000 ,,25.06M
10/11/2022,"12,100.00","12,700.00","12,800.00","12,100.00", 79.750000 ,,79.75M
10/13/2022,"19,500.00","18,800.00","19,600.00","18,550.00", 24.200000 ,,24.20M
10/14/2022,"19,450.00","19,750.00","19,900.00","19,300.00", 22.590000 ,,22.59M
10/17/2022,"19,250.00","19,250.00","19,350.00","18,900.00", 17.060000 ,,17.06M
10/18/2022,"18,850.00","19,500.00","19,700.00","18,700.00", 24.390000 ,,24.39M
10/19/2022,"18,400.00","18,850.00","18,850.00","18,350.00", 20.240000 ,,20.24M
10/20/2022,"18,100.00","18,350.00","18,600.00","18,050.00", 26.030000 ,,26.03M
10/21/2022,"16,900.00","18,300.00","18,300.00","16,900.00", 45.160000 ,,45.16M
10/24/2022,"16,400.00","17,000.00","17,050.00","16,200.00", 27.970000 ,,27.97M
10/25/2022,"17,100.00","16,400.00","17,500.00","16,050.00", 31.110000 ,,31.11M
10/26/2022,"16,900.00","17,000.00","17,400.00","16,850.00", 11.240000 ,,11.24M
10/27/2022,"17,400.00","16,950.00","17,600.00","16,900.00", 21.370000 ,,21.37M
10/28/2022,"16,800.00","17,400.00","17,650.00","16,800.00", 31.200000 ,,31.20M
10/31/2022,"15,650.00","15,650.00","16,000.00","15,650.00", 66.300000 ,,66.30M
11/01/2022,"34,132.80","34,851.70","34,851.70","34,132.80", 16.590000 ,,16.59M
11/02/2022,"35,684.30","35,268.00","35,949.10","35,041.00", 22.550000 ,,22.55M
11/03/2022,"36,024.80","37,235.70","37,311.40","35,457.20", 57.640000 ,,57.64M
11/05/2022,"30,764.90","31,029.80","31,256.80","30,689.20", 12.430000 ,,12.43M
11/07/2022,"22,050.00","22,400.00","22,650.00","21,950.00", 12.480000 ,,12.48M
11/08/2022,"23,400.00","24,050.00","24,150.00","23,300.00", 34.350000 ,,34.35M
11/10/2022,"17,500.00","18,400.00","18,400.00","17,350.00", 26.450000 ,,26.45M
11/11/2022,"12,300.00","12,300.00","12,650.00","12,000.00", 60.720000 ,,60.72M
11/14/2022,"12,200.00","12,150.00","12,450.00","11,850.00", 60.270000 ,,60.27M
11/15/2022,"12,500.00","12,000.00","12,550.00","12,000.00", 40.420000 ,,40.42M
11/16/2022,"13,350.00","12,300.00","13,350.00","11,800.00", 34.900000 ,,34.90M
11/17/2022,"14,250.00","13,900.00","14,250.00","13,800.00", 21.510000 ,,21.51M
11/18/2022,"15,100.00","14,600.00","15,200.00","14,250.00", 99.660000 ,,99.66M
11/21/2022,"14,950.00","15,200.00","15,250.00","14,750.00", 31.600000 ,,31.60M
11/22/2022,"14,800.00","14,650.00","15,450.00","14,450.00", 43.250000 ,,43.25M
11/23/2022,"13,800.00","14,700.00","14,850.00","13,800.00", 30.300000 ,,30.30M
11/24/2022,"14,350.00","13,700.00","14,400.00","13,600.00", 31.120000 ,,31.12M
11/25/2022,"15,300.00","14,600.00","15,300.00","14,350.00", 26.530000 ,,26.53M
11/28/2022,"16,350.00","15,600.00","16,350.00","15,600.00", 58.840000 ,,58.84M
11/29/2022,"17,400.00","16,600.00","17,450.00","16,350.00", 64.310000 ,,64.31M
11/30/2022,"18,400.00","17,550.00","18,400.00","17,200.00", 57.720000 ,,57.72M
12/01/2022,"34,965.30","34,208.40","35,003.10","34,170.60", 19.090000 ,,19.09M
12/04/2022,"34,132.80","35,192.30","35,192.30","34,094.90", 23.700000 ,,23.70M
12/05/2022,"28,948.50","30,727.10","30,764.90","28,948.50", 32.830000 ,,32.83M
12/07/2022,"22,300.00","22,050.00","22,500.00","21,950.00", 12.150000 ,,12.15M
12/08/2022,"23,950.00","23,300.00","24,050.00","23,250.00", 33.800000 ,,33.80M
12/09/2022,"23,800.00","23,900.00","24,300.00","23,800.00", 26.170000 ,,26.17M
12/10/2022,"18,700.00","17,800.00","18,700.00","17,500.00", 29.000000 ,,29.00M
12/12/2022,"18,600.00","19,200.00","19,550.00","18,600.00", 35.830000 ,,35.83M
12/13/2022,"19,000.00","18,600.00","19,000.00","18,250.00", 24.340000 ,,24.34M
12/14/2022,"19,200.00","19,350.00","19,600.00","19,000.00", 34.290000 ,,34.29M
12/15/2022,"19,350.00","19,100.00","19,650.00","19,100.00", 20.980000 ,,20.98M
12/16/2022,"20,400.00","19,200.00","20,450.00","18,950.00", 55.380000 ,,55.38M
12/19/2022,"20,000.00","20,600.00","21,250.00","20,000.00", 48.040000 ,,48.04M
12/20/2022,"19,000.00","19,800.00","20,100.00","18,750.00", 45.550000 ,,45.55M
12/21/2022,"18,900.00","19,400.00","19,450.00","18,100.00", 27.700000 ,,27.70M
12/22/2022,"18,900.00","19,100.00","19,600.00","18,700.00", 18.970000 ,,18.97M
12/23/2022,"18,350.00","18,850.00","18,900.00","18,100.00", 24.810000 ,,24.81M
12/26/2022,"17,100.00","18,300.00","18,300.00","17,100.00", 31.370000 ,,31.37M
12/27/2022,"18,250.00","17,100.00","18,250.00","17,100.00", 23.660000 ,,23.66M
12/28/2022,"18,200.00","18,400.00","18,500.00","17,950.00", 14.310000 ,,14.31M
12/29/2022,"18,000.00","18,300.00","18,500.00","17,850.00", 17.420000 ,,17.42M
12/30/2022,"18,000.00","18,100.00","18,450.00","17,900.00", 14.450000 ,,14.45M
01/02/2023,"21,100.00","22,200.00","22,650.00","21,000.00", 51.910000 ,,51.91M
01/03/2023,"20,900.00","20,000.00","20,900.00","19,800.00", 18.620000 ,,18.62M
01/13/2023,"19,950.00","20,250.00","20,350.00","19,900.00", 19.170000 ,,19.17M
01/16/2023,"20,250.00","20,000.00","20,650.00","19,950.00", 22.320000 ,,22.32M
01/17/2023,"21,650.00","20,450.00","21,650.00","20,450.00", 41.580000 ,,41.58M
01/18/2023,"21,700.00","22,000.00","22,050.00","21,550.00", 25.850000 ,,25.85M
01/19/2023,"21,150.00","21,600.00","21,850.00","20,850.00", 43.940000 ,,43.94M
01/27/2023,"21,500.00","21,000.00","21,550.00","20,850.00", 26.520000 ,,26.52M
01/30/2023,"21,750.00","21,700.00","22,200.00","21,350.00", 42.340000 ,,42.34M
01/31/2023,"22,100.00","21,900.00","22,100.00","21,700.00", 28.110000 ,,28.11M
02/02/2023,"21,300.00","21,200.00","21,700.00","21,100.00", 25.390000 ,,25.39M
02/03/2023,"20,600.00","21,000.00","21,100.00","20,600.00", 8.870000 ,,8.87M
02/13/2023,"20,200.00","20,400.00","20,400.00","19,750.00", 18.740000 ,,18.74M
02/14/2023,"20,600.00","20,300.00","20,900.00","20,250.00", 17.290000 ,,17.29M
02/15/2023,"20,800.00","20,600.00","21,050.00","20,250.00", 20.080000 ,,20.08M
02/16/2023,"21,300.00","20,950.00","21,400.00","20,600.00", 23.910000 ,,23.91M
02/17/2023,"21,000.00","21,300.00","21,350.00","21,000.00", 12.290000 ,,12.29M
02/20/2023,"21,900.00","21,000.00","21,900.00","21,000.00", 24.740000 ,,24.74M
02/21/2023,"21,600.00","22,050.00","22,300.00","21,600.00", 20.640000 ,,20.64M
02/22/2023,"21,200.00","21,400.00","22,100.00","21,200.00", 32.630000 ,,32.63M
02/23/2023,"21,500.00","21,150.00","21,500.00","20,400.00", 33.590000 ,,33.59M
02/24/2023,"20,800.00","21,500.00","21,500.00","20,650.00", 14.600000 ,,14.60M
02/27/2023,"20,100.00","20,400.00","20,550.00","19,950.00", 31.320000 ,,31.32M
02/28/2023,"20,000.00","20,450.00","20,500.00","19,900.00", 15.220000 ,,15.22M
03/01/2023,"19,250.00","18,300.00","19,250.00","18,200.00", 27.990000 ,,27.99M
03/02/2023,"21,100.00","21,450.00","21,550.00","21,000.00", 20.960000 ,,20.96M
03/03/2023,"20,350.00","20,800.00","21,100.00","20,350.00", 13.610000 ,,13.61M
03/13/2023,"21,100.00","21,050.00","21,400.00","20,900.00", 20.930000 ,,20.93M
03/14/2023,"20,300.00","21,050.00","21,100.00","20,200.00", 30.870000 ,,30.87M
03/15/2023,"21,300.00","20,800.00","21,300.00","20,600.00", 26.780000 ,,26.78M
03/16/2023,"20,850.00","21,000.00","21,100.00","20,500.00", 30.250000 ,,30.25M
03/17/2023,"20,400.00","21,050.00","21,050.00","20,400.00", 33.960000 ,,33.96M
03/20/2023,"20,000.00","20,400.00","20,600.00","20,000.00", 22.990000 ,,22.99M
03/21/2023,"20,450.00","20,200.00","20,550.00","19,850.00", 19.060000 ,,19.06M
03/22/2023,"20,300.00","20,550.00","20,600.00","20,150.00", 12.860000 ,,12.86M
03/23/2023,"20,400.00","20,200.00","20,400.00","20,050.00", 10.740000 ,,10.74M
03/24/2023,"20,400.00","20,450.00","20,500.00","20,300.00", 13.690000 ,,13.69M
03/27/2023,"20,800.00","20,400.00","20,900.00","20,350.00", 20.270000 ,,20.27M
03/28/2023,"20,700.00","20,900.00","21,000.00","20,700.00", 12.330000 ,,12.33M
03/29/2023,"20,800.00","20,700.00","21,100.00","20,700.00", 17.940000 ,,17.94M
04/01/2023,"19,400.00","19,450.00","19,800.00","19,300.00", 20.230000 ,,20.23M
05/01/2023,"19,800.00","19,400.00","20,000.00","19,150.00", 21.500000 ,,21.50M
06/01/2023,"19,400.00","19,700.00","20,100.00","19,200.00", 19.630000 ,,19.63M
06/02/2023,"21,150.00","21,100.00","21,150.00","20,550.00", 22.280000 ,,22.28M
06/03/2023,"20,400.00","20,650.00","20,850.00","20,400.00", 11.370000 ,,11.37M
07/02/2023,"19,750.00","21,150.00","21,200.00","19,700.00", 43.380000 ,,43.38M
07/03/2023,"21,100.00","20,600.00","21,350.00","20,550.00", 29.320000 ,,29.32M
08/02/2023,"20,850.00","19,750.00","21,100.00","19,750.00", 33.810000 ,,33.81M
08/03/2023,"21,200.00","20,900.00","21,200.00","20,800.00", 16.160000 ,,16.16M
09/01/2023,"19,600.00","19,800.00","20,100.00","19,500.00", 16.190000 ,,16.19M
09/02/2023,"20,600.00","21,000.00","21,250.00","20,600.00", 16.340000 ,,16.34M
09/03/2023,"21,200.00","21,200.00","21,550.00","21,200.00", 23.270000 ,,23.27M
10/01/2023,"19,800.00","19,600.00","20,100.00","19,200.00", 26.850000 ,,26.85M
10/02/2023,"20,500.00","20,700.00","20,800.00","20,150.00", 15.830000 ,,15.83M
10/03/2023,"21,300.00","21,150.00","21,450.00","21,000.00", 22.460000 ,,22.46M
11/01/2023,"20,200.00","20,000.00","20,550.00","19,900.00", 25.710000 ,,25.71M
12/01/2023,"20,050.00","20,100.00","20,250.00","19,900.00", 20.170000 ,,20.17M
